Community Area,Year,Month,AGGRAVATED ASSAULT FIREARM,AGGRAVATED ASSAULT NO FIREARM,ALL OTHER OFFENSES,ARSON,BURGLARY NON-RESIDENTIAL,BURGLARY RESIDENTIAL,DISORDERLY CONDUCT,DRIVING UNDER THE INFLUENCE,EMBEZZLEMENT,FORGERY AND COUNTERFEITING,FRAUD,GAMBLING VIOLATIONS,HOMICIDE - CRIMINAL,HOMICIDE - JUSTIFIABLE,LIQUOR LAW VIOLATIONS,MOTOR VEHICLE THEFT,NARCOTIC / DRUG LAW VIOLATIONS,OFFENSES AGAINST FAMILY AND CHILDREN,OTHER ASSAULTS,OTHER SEX OFFENSES (NOT COMMERCIALIZED),PROSTITUTION AND COMMERCIALIZED VICE,PUBLIC DRUNKENNESS,RAPE,RECEIVING STOLEN PROPERTY,ROBBERY FIREARM,ROBBERY NO FIREARM,THEFT FROM VEHICLE,THEFTS,VAGRANCY/LOITERING,VANDALISM/CRIMINAL MISCHIEF,WEAPON VIOLATIONS
01,2024,1,5.0,4.0,7.0,0.0,6.0,3.0,0.0,3.0,1.0,0.0,13.0,0.0,0.0,0.0,0.0,32.0,3.0,0.0,36.0,2.0,0.0,0.0,1.0,1.0,3.0,2.0,20.0,63.0,0.0,30.0,4.0
01,2024,2,3.0,8.0,18.0,0.0,4.0,5.0,0.0,0.0,2.0,0.0,15.0,0.0,0.0,0.0,0.0,17.0,2.0,0.0,29.0,1.0,0.0,0.0,0.0,1.0,0.0,2.0,14.0,88.0,0.0,12.0,1.0
01,2024,3,3.0,11.0,11.0,0.0,2.0,3.0,0.0,1.0,2.0,0.0,26.0,0.0,0.0,0.0,0.0,22.0,2.0,0.0,24.0,0.0,0.0,0.0,1.0,3.0,2.0,6.0,9.0,89.0,0.0,21.0,3.0
01,2024,4,1.0,4.0,8.0,0.0,3.0,8.0,0.0,1.0,1.0,1.0,8.0,0.0,0.0,0.0,0.0,26.0,2.0,0.0,29.0,1.0,0.0,1.0,1.0,1.0,0.0,1.0,12.0,105.0,0.0,13.0,4.0
01,2024,5,9.0,7.0,16.0,1.0,1.0,2.0,1.0,2.0,1.0,0.0,13.0,0.0,1.0,0.0,0.0,35.0,3.0,0.0,43.0,1.0,0.0,0.0,0.0,1.0,4.0,4.0,6.0,105.0,0.0,20.0,2.0
01,2024,6,2.0,4.0,14.0,0.0,0.0,1.0,0.0,1.0,1.0,0.0,15.0,0.0,2.0,0.0,0.0,24.0,2.0,1.0,36.0,1.0,0.0,0.0,1.0,1.0,0.0,5.0,14.0,87.0,0.0,23.0,6.0
01,2024,7,1.0,6.0,26.0,0.0,0.0,5.0,6.0,0.0,1.0,0.0,18.0,0.0,0.0,0.0,0.0,24.0,1.0,0.0,41.0,2.0,0.0,0.0,1.0,2.0,2.0,2.0,15.0,115.0,0.0,17.0,2.0
01,2024,8,3.0,14.0,14.0,0.0,1.0,6.0,2.0,2.0,0.0,0.0,18.0,0.0,1.0,0.0,0.0,31.0,3.0,1.0,42.0,1.0,0.0,0.0,1.0,0.0,2.0,2.0,14.0,101.0,0.0,26.0,3.0
01,2024,9,4.0,8.0,18.0,1.0,2.0,1.0,0.0,0.0,0.0,0.0,39.0,0.0,0.0,0.0,0.0,21.0,1.0,0.0,45.0,1.0,0.0,0.0,1.0,2.0,0.0,6.0,13.0,80.0,0.0,15.0,4.0
01,2024,10,3.0,9.0,19.0,1.0,3.0,7.0,3.0,1.0,0.0,0.0,22.0,0.0,0.0,0.0,0.0,26.0,0.0,0.0,27.0,3.0,0.0,0.0,2.0,2.0,2.0,5.0,29.0,121.0,0.0,21.0,5.0
01,2024,11,1.0,5.0,12.0,0.0,3.0,1.0,0.0,0.0,0.0,0.0,16.0,0.0,0.0,0.0,0.0,38.0,1.0,0.0,31.0,3.0,0.0,0.0,1.0,0.0,1.0,3.0,19.0,90.0,0.0,33.0,2.0
01,2024,12,4.0,5.0,22.0,1.0,3.0,10.0,2.0,1.0,0.0,0.0,24.0,0.0,1.0,0.0,0.0,36.0,1.0,0.0,36.0,1.0,0.0,0.0,1.0,1.0,2.0,6.0,25.0,91.0,0.0,30.0,1.0
01,2025,1,0.0,4.0,17.0,0.0,3.0,6.0,3.0,1.0,0.0,0.0,12.0,0.0,0.0,0.0,0.0,30.0,1.0,0.0,32.0,0.0,0.0,0.0,1.0,4.0,1.0,2.0,19.0,94.0,0.0,18.0,2.0
01,2025,2,2.0,8.0,16.0,0.0,1.0,2.0,1.0,3.0,3.0,0.0,12.0,0.0,0.0,0.0,0.0,19.0,1.0,0.0,35.0,2.0,0.0,0.0,0.0,3.0,1.0,0.0,18.0,74.0,0.0,8.0,5.0
01,2025,3,5.0,3.0,17.0,0.0,1.0,4.0,0.0,0.0,0.0,0.0,8.0,0.0,0.0,0.0,0.0,19.0,0.0,0.0,31.0,1.0,0.0,0.0,4.0,1.0,0.0,2.0,9.0,69.0,0.0,18.0,0.0
01,2025,4,7.0,3.0,18.0,0.0,1.0,5.0,0.0,3.0,0.0,0.0,11.0,0.0,0.0,0.0,0.0,27.0,2.0,0.0,24.0,0.0,0.0,0.0,0.0,5.0,4.0,7.0,19.0,94.0,0.0,27.0,1.0
01,2025,5,1.0,5.0,22.0,0.0,0.0,7.0,1.0,0.0,1.0,0.0,10.0,0.0,1.0,0.0,0.0,22.0,2.0,1.0,37.0,1.0,0.0,0.0,1.0,1.0,1.0,3.0,17.0,105.0,0.0,23.0,1.0
01,2025,6,2.0,9.0,12.0,0.0,5.0,2.0,0.0,0.0,0.0,1.0,31.0,0.0,0.0,0.0,0.0,28.0,3.0,0.0,35.0,3.0,0.0,0.0,0.0,1.0,1.0,4.0,22.0,126.0,0.0,19.0,4.0
01,2025,7,0.0,4.0,10.0,0.0,1.0,3.0,1.0,2.0,2.0,0.0,20.0,0.0,0.0,0.0,0.0,40.0,1.0,0.0,27.0,2.0,0.0,0.0,2.0,1.0,0.0,3.0,16.0,105.0,0.0,24.0,2.0
01,2025,8,1.0,6.0,13.0,0.0,1.0,6.0,0.0,2.0,1.0,0.0,19.0,0.0,0.0,0.0,0.0,45.0,0.0,0.0,29.0,0.0,0.0,0.0,2.0,1.0,1.0,5.0,20.0,101.0,0.0,28.0,3.0
01,2025,9,0.0,4.0,8.0,1.0,1.0,1.0,0.0,0.0,0.0,0.0,15.0,0.0,0.0,0.0,0.0,14.0,2.0,0.0,39.0,0.0,0.0,0.0,0.0,1.0,0.0,4.0,24.0,106.0,0.0,27.0,3.0
01,2025,10,1.0,8.0,16.0,1.0,5.0,6.0,0.0,0.0,1.0,0.0,18.0,0.0,0.0,0.0,0.0,35.0,1.0,0.0,37.0,0.0,0.0,0.0,0.0,1.0,2.0,2.0,25.0,100.0,0.0,23.0,2.0
01,2025,11,3.0,3.0,12.0,0.0,1.0,5.0,0.0,1.0,0.0,0.0,19.0,0.0,0.0,0.0,0.0,30.0,1.0,0.0,20.0,1.0,0.0,0.0,0.0,5.0,0.0,3.0,30.0,95.0,0.0,23.0,0.0
01,2025,12,3.0,2.0,11.0,0.0,2.0,6.0,0.0,0.0,1.0,0.0,8.0,0.0,1.0,0.0,0.0,21.0,1.0,2.0,17.0,1.0,0.0,0.0,2.0,1.0,3.0,3.0,24.0,83.0,0.0,20.0,1.0
01,2026,1,0.0,7.0,13.0,1.0,3.0,1.0,0.0,2.0,0.0,0.0,8.0,0.0,0.0,0.0,0.0,29.0,0.0,0.0,24.0,1.0,0.0,0.0,0.0,0.0,1.0,0.0,25.0,75.0,0.0,16.0,0.0
01,2026,2,3.0,4.0,12.0,0.0,3.0,4.0,0.0,2.0,0.0,0.0,7.0,0.0,0.0,0.0,0.0,15.0,1.0,0.0,34.0,2.0,0.0,0.0,0.0,2.0,1.0,3.0,12.0,66.0,0.0,15.0,2.0
01,2026,3,1.0,6.0,12.0,0.0,5.0,4.0,0.0,1.0,0.0,0.0,21.0,0.0,1.0,0.0,0.0,24.0,2.0,0.0,33.0,0.0,0.0,0.0,1.0,2.0,1.0,2.0,23.0,75.0,0.0,22.0,3.0
01,2026,4,2.0,6.0,10.0,0.0,2.0,4.0,0.0,0.0,0.0,0.0,16.0,0.0,0.0,0.0,0.0,30.0,0.0,1.0,32.0,2.0,3.0,0.0,0.0,2.0,0.0,2.0,6.0,90.0,0.0,21.0,4.0
02,2024,1,9.0,24.0,43.0,3.0,5.0,10.0,0.0,4.0,1.0,0.0,40.0,0.0,0.0,0.0,0.0,71.0,4.0,0.0,99.0,4.0,1.0,0.0,4.0,8.0,18.0,13.0,29.0,294.0,0.0,50.0,7.0
02,2024,2,8.0,16.0,34.0,1.0,2.0,13.0,0.0,4.0,0.0,0.0,33.0,0.0,1.0,0.0,1.0,75.0,3.0,0.0,98.0,2.0,0.0,0.0,3.0,4.0,16.0,11.0,31.0,294.0,0.0,42.0,9.0
02,2024,3,12.0,15.0,30.0,3.0,3.0,15.0,0.0,2.0,2.0,0.0,32.0,0.0,2.0,0.0,0.0,81.0,4.0,0.0,84.0,4.0,0.0,0.0,2.0,6.0,12.0,10.0,39.0,247.0,0.0,51.0,6.0
02,2024,4,14.0,18.0,34.0,2.0,4.0,16.0,2.0,3.0,1.0,2.0,30.0,0.0,0.0,0.0,0.0,72.0,5.0,0.0,99.0,3.0,0.0,0.0,1.0,3.0,6.0,18.0,46.0,277.0,0.0,56.0,6.0
02,2024,5,7.0,23.0,32.0,3.0,6.0,9.0,0.0,2.0,0.0,2.0,39.0,0.0,2.0,0.0,2.0,73.0,3.0,0.0,128.0,5.0,0.0,0.0,2.0,4.0,6.0,18.0,85.0,324.0,0.0,76.0,7.0
02,2024,6,12.0,17.0,34.0,1.0,7.0,12.0,1.0,3.0,2.0,0.0,28.0,0.0,2.0,0.0,1.0,65.0,2.0,0.0,119.0,1.0,0.0,0.0,1.0,4.0,8.0,13.0,107.0,358.0,0.0,79.0,7.0
02,2024,7,19.0,19.0,42.0,1.0,5.0,11.0,0.0,7.0,1.0,1.0,38.0,0.0,1.0,0.0,0.0,90.0,2.0,1.0,125.0,2.0,0.0,0.0,1.0,5.0,9.0,13.0,96.0,325.0,0.0,64.0,5.0
02,2024,8,11.0,22.0,29.0,1.0,7.0,13.0,2.0,6.0,0.0,0.0,37.0,0.0,0.0,0.0,1.0,87.0,0.0,0.0,106.0,3.0,0.0,0.0,4.0,10.0,6.0,16.0,47.0,277.0,0.0,64.0,12.0
02,2024,9,17.0,21.0,40.0,1.0,1.0,10.0,0.0,5.0,0.0,1.0,49.0,0.0,0.0,0.0,0.0,76.0,1.0,0.0,114.0,2.0,0.0,0.0,2.0,3.0,7.0,13.0,44.0,270.0,0.0,62.0,5.0
02,2024,10,10.0,23.0,48.0,1.0,4.0,14.0,2.0,4.0,1.0,0.0,35.0,0.0,1.0,0.0,0.0,121.0,3.0,1.0,107.0,3.0,0.0,0.0,3.0,2.0,11.0,8.0,79.0,311.0,0.0,66.0,5.0
02,2024,11,7.0,10.0,18.0,2.0,8.0,10.0,0.0,5.0,0.0,0.0,28.0,0.0,1.0,0.0,1.0,101.0,2.0,0.0,118.0,9.0,0.0,0.0,1.0,3.0,12.0,17.0,63.0,283.0,0.0,57.0,3.0
02,2024,12,10.0,12.0,24.0,0.0,15.0,11.0,0.0,5.0,1.0,1.0,23.0,0.0,1.0,0.0,0.0,93.0,1.0,0.0,100.0,4.0,0.0,0.0,4.0,3.0,9.0,15.0,47.0,238.0,0.0,65.0,4.0
02,2025,1,7.0,13.0,33.0,1.0,8.0,7.0,0.0,6.0,2.0,1.0,31.0,0.0,0.0,0.0,0.0,97.0,12.0,0.0,95.0,6.0,0.0,0.0,2.0,4.0,13.0,12.0,38.0,250.0,0.0,37.0,11.0
02,2025,2,7.0,14.0,35.0,1.0,6.0,7.0,0.0,5.0,0.0,0.0,39.0,0.0,2.0,0.0,0.0,74.0,5.0,0.0,101.0,1.0,0.0,0.0,6.0,11.0,2.0,6.0,41.0,209.0,0.0,40.0,5.0
02,2025,3,5.0,10.0,31.0,0.0,6.0,8.0,0.0,5.0,0.0,0.0,26.0,0.0,0.0,0.0,0.0,86.0,2.0,2.0,88.0,1.0,0.0,0.0,2.0,4.0,5.0,6.0,31.0,221.0,0.0,51.0,5.0
02,2025,4,6.0,12.0,45.0,2.0,1.0,10.0,0.0,5.0,2.0,1.0,32.0,0.0,0.0,0.0,0.0,86.0,4.0,0.0,125.0,2.0,0.0,0.0,0.0,9.0,5.0,8.0,35.0,231.0,0.0,54.0,6.0
02,2025,5,9.0,22.0,58.0,2.0,1.0,10.0,3.0,1.0,0.0,2.0,30.0,0.0,0.0,0.0,0.0,84.0,2.0,0.0,118.0,4.0,0.0,0.0,4.0,5.0,6.0,7.0,43.0,308.0,0.0,50.0,9.0
02,2025,6,13.0,20.0,55.0,0.0,4.0,8.0,1.0,0.0,2.0,1.0,33.0,0.0,0.0,0.0,0.0,96.0,2.0,0.0,86.0,3.0,0.0,0.0,2.0,3.0,9.0,6.0,48.0,294.0,0.0,76.0,7.0
02,2025,7,7.0,17.0,34.0,3.0,3.0,12.0,2.0,1.0,1.0,1.0,26.0,0.0,0.0,0.0,0.0,132.0,1.0,0.0,116.0,1.0,0.0,0.0,4.0,4.0,7.0,13.0,44.0,309.0,0.0,59.0,5.0
02,2025,8,11.0,10.0,61.0,1.0,5.0,9.0,0.0,1.0,1.0,0.0,29.0,0.0,1.0,0.0,0.0,88.0,3.0,0.0,105.0,0.0,0.0,0.0,4.0,3.0,5.0,6.0,62.0,246.0,0.0,54.0,4.0
02,2025,9,13.0,14.0,62.0,1.0,2.0,10.0,0.0,4.0,3.0,0.0,37.0,0.0,0.0,0.0,0.0,88.0,1.0,0.0,127.0,3.0,1.0,0.0,4.0,3.0,12.0,11.0,49.0,318.0,0.0,50.0,2.0
02,2025,10,7.0,25.0,42.0,0.0,4.0,11.0,2.0,2.0,1.0,1.0,36.0,0.0,2.0,0.0,0.0,65.0,2.0,1.0,129.0,2.0,0.0,0.0,3.0,3.0,6.0,12.0,43.0,326.0,0.0,49.0,6.0
02,2025,11,7.0,12.0,26.0,2.0,2.0,13.0,0.0,1.0,0.0,0.0,45.0,0.0,1.0,0.0,0.0,76.0,1.0,3.0,112.0,3.0,0.0,0.0,4.0,2.0,10.0,9.0,42.0,352.0,0.0,44.0,5.0
02,2025,12,10.0,16.0,29.0,2.0,7.0,14.0,0.0,6.0,1.0,0.0,30.0,0.0,0.0,0.0,0.0,57.0,1.0,4.0,105.0,1.0,0.0,0.0,0.0,5.0,2.0,6.0,35.0,322.0,0.0,44.0,4.0
02,2026,1,1.0,13.0,24.0,1.0,3.0,5.0,0.0,3.0,1.0,1.0,31.0,0.0,2.0,0.0,0.0,41.0,1.0,0.0,76.0,1.0,0.0,0.0,4.0,0.0,4.0,9.0,23.0,245.0,0.0,44.0,6.0
02,2026,2,7.0,7.0,30.0,0.0,3.0,6.0,0.0,1.0,0.0,1.0,26.0,0.0,0.0,0.0,0.0,60.0,0.0,1.0,77.0,1.0,0.0,0.0,2.0,1.0,3.0,7.0,20.0,218.0,0.0,38.0,2.0
02,2026,3,5.0,21.0,46.0,4.0,7.0,10.0,0.0,0.0,0.0,0.0,39.0,0.0,2.0,0.0,0.0,57.0,2.0,1.0,90.0,4.0,0.0,0.0,1.0,2.0,3.0,10.0,26.0,282.0,0.0,34.0,1.0
02,2026,4,6.0,16.0,38.0,6.0,1.0,9.0,0.0,2.0,1.0,0.0,37.0,0.0,0.0,0.0,0.0,87.0,1.0,1.0,102.0,2.0,0.0,0.0,2.0,1.0,6.0,11.0,27.0,334.0,0.0,61.0,5.0
03,2024,1,7.0,26.0,20.0,2.0,18.0,9.0,0.0,1.0,2.0,1.0,26.0,0.0,0.0,0.0,0.0,56.0,2.0,0.0,64.0,4.0,0.0,0.0,2.0,3.0,4.0,6.0,39.0,150.0,0.0,24.0,3.0
03,2024,2,7.0,12.0,15.0,0.0,7.0,8.0,3.0,0.0,2.0,0.0,45.0,0.0,1.0,0.0,1.0,41.0,2.0,1.0,72.0,4.0,0.0,0.0,0.0,1.0,4.0,8.0,59.0,158.0,0.0,39.0,2.0
03,2024,3,3.0,17.0,29.0,1.0,2.0,6.0,3.0,3.0,1.0,1.0,36.0,0.0,1.0,0.0,0.0,41.0,0.0,0.0,72.0,5.0,0.0,0.0,3.0,4.0,8.0,8.0,58.0,152.0,0.0,36.0,3.0
03,2024,4,2.0,16.0,27.0,2.0,8.0,10.0,2.0,0.0,2.0,0.0,31.0,0.0,1.0,0.0,1.0,65.0,3.0,0.0,83.0,3.0,0.0,0.0,0.0,2.0,5.0,13.0,59.0,171.0,0.0,59.0,5.0
03,2024,5,5.0,13.0,21.0,2.0,4.0,14.0,2.0,1.0,2.0,0.0,29.0,0.0,0.0,0.0,1.0,83.0,2.0,0.0,87.0,4.0,0.0,1.0,2.0,1.0,2.0,8.0,58.0,206.0,0.0,44.0,2.0
03,2024,6,4.0,20.0,44.0,4.0,3.0,9.0,1.0,2.0,1.0,0.0,34.0,0.0,0.0,0.0,0.0,73.0,1.0,0.0,83.0,4.0,1.0,0.0,0.0,3.0,3.0,7.0,61.0,164.0,0.0,48.0,2.0
03,2024,7,6.0,20.0,30.0,3.0,10.0,12.0,0.0,0.0,2.0,1.0,41.0,0.0,0.0,0.0,0.0,73.0,0.0,0.0,63.0,5.0,0.0,1.0,3.0,5.0,6.0,13.0,59.0,173.0,0.0,39.0,1.0
03,2024,8,3.0,22.0,36.0,1.0,3.0,7.0,3.0,2.0,2.0,2.0,41.0,0.0,1.0,0.0,0.0,57.0,1.0,0.0,77.0,5.0,0.0,0.0,1.0,2.0,13.0,13.0,82.0,180.0,0.0,55.0,2.0
03,2024,9,2.0,16.0,23.0,2.0,6.0,7.0,1.0,4.0,2.0,2.0,34.0,0.0,0.0,0.0,0.0,77.0,3.0,0.0,84.0,4.0,0.0,0.0,1.0,1.0,4.0,14.0,80.0,172.0,0.0,58.0,2.0
03,2024,10,5.0,15.0,21.0,0.0,6.0,17.0,0.0,4.0,1.0,0.0,36.0,0.0,0.0,0.0,0.0,96.0,1.0,0.0,77.0,7.0,0.0,2.0,2.0,2.0,5.0,19.0,62.0,258.0,0.0,65.0,3.0
03,2024,11,8.0,19.0,20.0,0.0,10.0,3.0,2.0,0.0,0.0,1.0,20.0,0.0,0.0,0.0,0.0,85.0,0.0,0.0,68.0,5.0,0.0,1.0,0.0,1.0,2.0,16.0,48.0,180.0,0.0,51.0,3.0
03,2024,12,7.0,13.0,35.0,3.0,11.0,8.0,0.0,6.0,1.0,1.0,24.0,0.0,2.0,0.0,0.0,57.0,0.0,0.0,83.0,3.0,0.0,1.0,0.0,6.0,4.0,10.0,50.0,184.0,0.0,36.0,1.0
03,2025,1,6.0,19.0,29.0,3.0,6.0,10.0,3.0,4.0,2.0,1.0,29.0,0.0,0.0,0.0,0.0,64.0,2.0,0.0,77.0,1.0,0.0,1.0,0.0,4.0,1.0,9.0,45.0,190.0,0.0,33.0,8.0
03,2025,2,3.0,13.0,23.0,0.0,8.0,8.0,2.0,3.0,4.0,1.0,40.0,0.0,2.0,0.0,0.0,43.0,1.0,0.0,63.0,0.0,0.0,0.0,0.0,2.0,1.0,7.0,29.0,162.0,0.0,29.0,3.0
03,2025,3,0.0,8.0,32.0,1.0,8.0,4.0,0.0,1.0,0.0,0.0,29.0,0.0,1.0,0.0,0.0,37.0,2.0,0.0,73.0,5.0,0.0,0.0,0.0,1.0,2.0,3.0,35.0,159.0,0.0,27.0,3.0
03,2025,4,6.0,13.0,27.0,4.0,9.0,5.0,3.0,3.0,1.0,1.0,30.0,0.0,1.0,0.0,0.0,46.0,2.0,0.0,71.0,3.0,0.0,1.0,1.0,3.0,3.0,6.0,46.0,186.0,0.0,39.0,1.0
03,2025,5,3.0,17.0,24.0,1.0,6.0,3.0,2.0,5.0,0.0,0.0,14.0,0.0,0.0,0.0,0.0,61.0,1.0,1.0,72.0,2.0,0.0,2.0,0.0,3.0,1.0,9.0,59.0,182.0,0.0,42.0,3.0
03,2025,6,9.0,16.0,30.0,0.0,3.0,7.0,2.0,2.0,0.0,0.0,38.0,0.0,1.0,0.0,0.0,65.0,2.0,0.0,77.0,1.0,1.0,1.0,1.0,1.0,2.0,11.0,54.0,173.0,0.0,36.0,1.0
03,2025,7,1.0,14.0,35.0,1.0,5.0,9.0,3.0,5.0,0.0,0.0,48.0,0.0,0.0,0.0,1.0,83.0,3.0,0.0,84.0,3.0,0.0,6.0,1.0,7.0,6.0,11.0,82.0,199.0,0.0,33.0,1.0
03,2025,8,1.0,22.0,26.0,1.0,6.0,7.0,0.0,4.0,0.0,0.0,21.0,0.0,0.0,0.0,1.0,71.0,7.0,0.0,78.0,6.0,0.0,1.0,3.0,2.0,3.0,15.0,70.0,180.0,0.0,49.0,4.0
03,2025,9,2.0,13.0,25.0,1.0,3.0,7.0,1.0,1.0,2.0,0.0,20.0,1.0,1.0,0.0,0.0,72.0,4.0,0.0,88.0,1.0,0.0,1.0,4.0,2.0,5.0,13.0,113.0,188.0,0.0,38.0,1.0
03,2025,10,3.0,18.0,30.0,1.0,5.0,6.0,0.0,2.0,1.0,2.0,41.0,0.0,2.0,0.0,1.0,80.0,1.0,0.0,74.0,4.0,0.0,0.0,1.0,2.0,5.0,6.0,110.0,172.0,0.0,43.0,4.0
03,2025,11,1.0,13.0,40.0,3.0,3.0,6.0,2.0,2.0,2.0,0.0,25.0,0.0,0.0,0.0,0.0,44.0,3.0,0.0,89.0,1.0,0.0,0.0,1.0,0.0,6.0,8.0,104.0,165.0,0.0,49.0,5.0
03,2025,12,4.0,16.0,14.0,3.0,2.0,1.0,2.0,1.0,0.0,0.0,36.0,0.0,0.0,0.0,0.0,65.0,3.0,0.0,74.0,1.0,0.0,1.0,2.0,4.0,6.0,6.0,92.0,122.0,0.0,42.0,3.0
03,2026,1,0.0,11.0,19.0,2.0,6.0,5.0,1.0,2.0,0.0,0.0,32.0,0.0,0.0,0.0,0.0,61.0,1.0,0.0,83.0,2.0,0.0,1.0,1.0,1.0,1.0,6.0,80.0,147.0,0.0,33.0,4.0
03,2026,2,1.0,24.0,18.0,1.0,1.0,2.0,0.0,2.0,1.0,1.0,23.0,0.0,1.0,0.0,0.0,55.0,0.0,0.0,71.0,1.0,0.0,1.0,4.0,2.0,3.0,10.0,72.0,142.0,0.0,18.0,4.0
03,2026,3,0.0,9.0,21.0,1.0,6.0,12.0,1.0,2.0,3.0,0.0,24.0,0.0,0.0,0.0,0.0,53.0,2.0,0.0,76.0,2.0,0.0,0.0,5.0,2.0,6.0,7.0,59.0,172.0,0.0,39.0,3.0
03,2026,4,3.0,19.0,31.0,3.0,2.0,8.0,3.0,0.0,2.0,0.0,22.0,0.0,1.0,0.0,0.0,47.0,1.0,0.0,96.0,3.0,0.0,0.0,1.0,0.0,5.0,7.0,45.0,171.0,0.0,31.0,1.0
05,2024,1,2.0,2.0,11.0,0.0,3.0,1.0,0.0,1.0,0.0,0.0,13.0,0.0,0.0,0.0,0.0,24.0,0.0,0.0,26.0,1.0,0.0,0.0,0.0,1.0,2.0,2.0,39.0,48.0,0.0,18.0,0.0
05,2024,2,1.0,4.0,3.0,1.0,0.0,4.0,1.0,2.0,0.0,0.0,13.0,0.0,0.0,0.0,0.0,17.0,0.0,0.0,38.0,1.0,0.0,0.0,1.0,1.0,0.0,0.0,27.0,55.0,0.0,18.0,0.0
05,2024,3,0.0,3.0,13.0,0.0,3.0,1.0,1.0,2.0,1.0,0.0,16.0,0.0,0.0,0.0,0.0,24.0,0.0,0.0,29.0,2.0,0.0,0.0,1.0,1.0,0.0,1.0,29.0,54.0,0.0,14.0,1.0
05,2024,4,0.0,4.0,8.0,1.0,5.0,6.0,0.0,1.0,0.0,0.0,9.0,0.0,0.0,0.0,0.0,25.0,0.0,0.0,29.0,2.0,0.0,0.0,0.0,1.0,0.0,1.0,39.0,57.0,0.0,25.0,1.0
05,2024,5,3.0,6.0,13.0,1.0,4.0,7.0,0.0,0.0,1.0,0.0,12.0,0.0,1.0,0.0,0.0,37.0,0.0,0.0,26.0,0.0,0.0,0.0,0.0,1.0,0.0,6.0,34.0,54.0,0.0,12.0,0.0
05,2024,6,2.0,2.0,8.0,0.0,7.0,2.0,0.0,0.0,4.0,0.0,15.0,0.0,0.0,0.0,0.0,21.0,0.0,1.0,23.0,0.0,0.0,0.0,0.0,0.0,0.0,0.0,34.0,48.0,0.0,9.0,1.0
05,2024,7,0.0,4.0,6.0,0.0,5.0,2.0,0.0,0.0,0.0,0.0,18.0,0.0,0.0,0.0,0.0,24.0,0.0,0.0,29.0,0.0,0.0,0.0,1.0,0.0,1.0,2.0,24.0,45.0,0.0,20.0,1.0
05,2024,8,1.0,1.0,11.0,0.0,2.0,2.0,0.0,0.0,0.0,0.0,15.0,0.0,0.0,0.0,0.0,31.0,0.0,0.0,31.0,0.0,0.0,0.0,0.0,1.0,0.0,0.0,33.0,52.0,0.0,21.0,0.0
05,2024,9,0.0,2.0,9.0,1.0,5.0,2.0,0.0,1.0,0.0,1.0,10.0,0.0,0.0,0.0,0.0,23.0,0.0,0.0,22.0,0.0,0.0,0.0,0.0,0.0,1.0,0.0,39.0,59.0,0.0,29.0,1.0
05,2024,10,1.0,5.0,14.0,3.0,5.0,6.0,1.0,2.0,2.0,1.0,17.0,0.0,0.0,0.0,0.0,20.0,0.0,0.0,27.0,1.0,0.0,0.0,0.0,0.0,1.0,3.0,53.0,53.0,0.0,16.0,1.0
05,2024,11,2.0,4.0,4.0,2.0,2.0,10.0,1.0,1.0,0.0,0.0,19.0,15.0,0.0,0.0,0.0,30.0,0.0,0.0,20.0,0.0,0.0,0.0,1.0,1.0,0.0,0.0,61.0,56.0,0.0,23.0,0.0
05,2024,12,1.0,3.0,3.0,0.0,3.0,4.0,1.0,1.0,0.0,1.0,22.0,0.0,0.0,0.0,0.0,19.0,0.0,0.0,28.0,0.0,0.0,0.0,1.0,0.0,0.0,0.0,43.0,62.0,0.0,16.0,0.0
05,2025,1,0.0,0.0,5.0,1.0,0.0,6.0,1.0,1.0,0.0,0.0,8.0,0.0,0.0,0.0,0.0,36.0,0.0,0.0,27.0,0.0,0.0,0.0,1.0,1.0,0.0,1.0,39.0,65.0,0.0,18.0,0.0
05,2025,2,0.0,2.0,7.0,0.0,2.0,4.0,0.0,0.0,0.0,2.0,10.0,0.0,0.0,0.0,0.0,22.0,0.0,0.0,21.0,0.0,0.0,0.0,0.0,0.0,0.0,0.0,32.0,41.0,0.0,14.0,0.0
05,2025,3,1.0,5.0,12.0,1.0,1.0,6.0,1.0,1.0,1.0,0.0,9.0,0.0,1.0,0.0,0.0,17.0,0.0,0.0,33.0,2.0,0.0,0.0,1.0,0.0,0.0,0.0,38.0,49.0,0.0,26.0,1.0
05,2025,4,0.0,3.0,8.0,1.0,4.0,9.0,3.0,0.0,0.0,2.0,12.0,0.0,1.0,0.0,0.0,22.0,0.0,0.0,28.0,1.0,0.0,0.0,0.0,2.0,0.0,1.0,50.0,51.0,0.0,19.0,1.0
05,2025,5,0.0,0.0,11.0,0.0,3.0,6.0,0.0,0.0,1.0,0.0,9.0,0.0,0.0,0.0,0.0,22.0,1.0,0.0,34.0,1.0,0.0,0.0,0.0,1.0,0.0,3.0,24.0,65.0,0.0,19.0,0.0
05,2025,6,0.0,2.0,2.0,0.0,3.0,3.0,1.0,0.0,1.0,0.0,7.0,0.0,0.0,0.0,0.0,24.0,0.0,0.0,19.0,2.0,0.0,0.0,1.0,0.0,0.0,1.0,16.0,49.0,0.0,18.0,0.0
05,2025,7,0.0,3.0,12.0,0.0,1.0,3.0,0.0,0.0,0.0,0.0,5.0,0.0,1.0,0.0,0.0,22.0,0.0,0.0,21.0,1.0,0.0,0.0,2.0,0.0,0.0,2.0,15.0,45.0,0.0,15.0,0.0
05,2025,8,0.0,1.0,10.0,0.0,1.0,5.0,1.0,2.0,0.0,0.0,4.0,0.0,0.0,0.0,0.0,21.0,0.0,0.0,25.0,1.0,0.0,0.0,1.0,2.0,1.0,1.0,18.0,52.0,0.0,21.0,1.0
05,2025,9,0.0,5.0,6.0,0.0,7.0,4.0,0.0,0.0,0.0,0.0,16.0,0.0,0.0,0.0,0.0,24.0,0.0,0.0,23.0,0.0,0.0,0.0,1.0,1.0,1.0,0.0,27.0,51.0,0.0,23.0,0.0
05,2025,10,1.0,7.0,11.0,1.0,1.0,3.0,0.0,0.0,0.0,0.0,14.0,0.0,0.0,0.0,0.0,30.0,0.0,0.0,25.0,0.0,0.0,0.0,2.0,2.0,2.0,1.0,32.0,67.0,0.0,19.0,0.0
05,2025,11,0.0,3.0,9.0,1.0,2.0,8.0,0.0,1.0,1.0,0.0,9.0,0.0,0.0,0.0,0.0,36.0,0.0,0.0,17.0,1.0,0.0,0.0,0.0,0.0,0.0,1.0,29.0,56.0,0.0,18.0,1.0
05,2025,12,1.0,2.0,4.0,0.0,4.0,3.0,0.0,1.0,0.0,0.0,12.0,0.0,1.0,0.0,0.0,31.0,0.0,1.0,17.0,1.0,0.0,0.0,0.0,2.0,0.0,0.0,20.0,38.0,0.0,26.0,1.0
05,2026,1,0.0,3.0,10.0,1.0,2.0,2.0,0.0,1.0,0.0,0.0,12.0,0.0,0.0,0.0,0.0,10.0,0.0,0.0,22.0,0.0,0.0,0.0,0.0,0.0,0.0,0.0,15.0,33.0,0.0,12.0,0.0
05,2026,2,0.0,2.0,3.0,0.0,1.0,5.0,0.0,0.0,0.0,0.0,5.0,0.0,0.0,0.0,0.0,23.0,0.0,0.0,22.0,1.0,0.0,0.0,0.0,0.0,0.0,0.0,8.0,30.0,0.0,5.0,0.0
05,2026,3,1.0,4.0,4.0,2.0,4.0,4.0,1.0,0.0,0.0,0.0,17.0,0.0,0.0,0.0,0.0,31.0,0.0,0.0,29.0,0.0,0.0,1.0,1.0,1.0,0.0,1.0,20.0,48.0,0.0,21.0,1.0
05,2026,4,0.0,1.0,8.0,0.0,3.0,2.0,0.0,0.0,0.0,0.0,9.0,0.0,0.0,0.0,0.0,17.0,0.0,0.0,20.0,1.0,0.0,0.0,0.0,1.0,0.0,0.0,18.0,46.0,0.0,21.0,2.0
06,2024,1,7.0,11.0,29.0,0.0,17.0,5.0,0.0,2.0,2.0,1.0,20.0,0.0,0.0,1.0,0.0,28.0,2.0,0.0,96.0,6.0,0.0,1.0,1.0,1.0,3.0,19.0,48.0,195.0,0.0,33.0,3.0
06,2024,2,4.0,16.0,31.0,3.0,13.0,4.0,6.0,0.0,3.0,1.0,19.0,0.0,0.0,0.0,0.0,25.0,0.0,0.0,76.0,3.0,0.0,0.0,0.0,2.0,5.0,6.0,48.0,217.0,0.0,30.0,1.0
06,2024,3,5.0,11.0,49.0,0.0,16.0,7.0,10.0,1.0,2.0,1.0,18.0,0.0,0.0,0.0,0.0,38.0,6.0,0.0,72.0,3.0,0.0,2.0,1.0,3.0,2.0,12.0,61.0,202.0,0.0,26.0,3.0
06,2024,4,3.0,20.0,36.0,1.0,16.0,15.0,2.0,5.0,0.0,3.0,19.0,0.0,1.0,0.0,0.0,32.0,4.0,0.0,78.0,5.0,2.0,0.0,2.0,3.0,5.0,11.0,72.0,219.0,0.0,37.0,3.0
06,2024,10,0.0,0.0,0.0,0.0,0.0,0.0,0.0,0.0,0.0,0.0,0.0,0.0,1.0,0.0,0.0,0.0,0.0,0.0,0.0,0.0,0.0,0.0,0.0,0.0,0.0,0.0,0.0,0.0,0.0,0.0,0.0
07,2024,1,2.0,5.0,24.0,1.0,3.0,2.0,0.0,2.0,0.0,2.0,27.0,0.0,0.0,0.0,0.0,37.0,0.0,0.0,33.0,0.0,0.0,0.0,0.0,3.0,2.0,3.0,31.0,113.0,0.0,16.0,0.0
07,2024,2,0.0,4.0,35.0,1.0,6.0,5.0,0.0,3.0,0.0,3.0,24.0,0.0,0.0,0.0,0.0,24.0,2.0,0.0,33.0,1.0,0.0,0.0,1.0,2.0,2.0,1.0,14.0,115.0,0.0,18.0,6.0
07,2024,3,2.0,4.0,17.0,2.0,6.0,5.0,0.0,1.0,3.0,0.0,21.0,0.0,0.0,0.0,0.0,43.0,0.0,0.0,35.0,0.0,0.0,0.0,1.0,3.0,0.0,4.0,29.0,94.0,0.0,13.0,1.0
07,2024,4,0.0,3.0,37.0,0.0,0.0,6.0,0.0,0.0,0.0,1.0,29.0,0.0,0.0,0.0,0.0,40.0,1.0,1.0,42.0,3.0,2.0,0.0,1.0,1.0,1.0,3.0,87.0,105.0,0.0,26.0,0.0
07,2024,5,1.0,2.0,19.0,1.0,3.0,7.0,0.0,0.0,0.0,0.0,32.0,0.0,0.0,0.0,0.0,26.0,0.0,0.0,74.0,1.0,1.0,0.0,1.0,1.0,0.0,0.0,48.0,164.0,0.0,21.0,0.0
07,2024,6,3.0,9.0,11.0,0.0,4.0,1.0,0.0,3.0,1.0,0.0,28.0,0.0,0.0,0.0,0.0,30.0,0.0,0.0,42.0,1.0,0.0,0.0,1.0,2.0,0.0,2.0,46.0,169.0,0.0,32.0,1.0
07,2024,7,4.0,5.0,11.0,0.0,1.0,3.0,0.0,0.0,1.0,1.0,22.0,0.0,0.0,0.0,0.0,45.0,0.0,0.0,37.0,1.0,1.0,0.0,0.0,0.0,2.0,3.0,36.0,144.0,0.0,28.0,0.0
07,2024,8,2.0,6.0,13.0,1.0,2.0,1.0,0.0,0.0,1.0,2.0,26.0,0.0,0.0,0.0,0.0,31.0,0.0,0.0,41.0,1.0,0.0,0.0,1.0,2.0,1.0,0.0,33.0,163.0,0.0,26.0,0.0
07,2024,9,3.0,5.0,13.0,0.0,4.0,2.0,1.0,1.0,0.0,2.0,31.0,0.0,0.0,0.0,0.0,46.0,0.0,1.0,51.0,2.0,0.0,0.0,2.0,0.0,2.0,2.0,40.0,122.0,0.0,30.0,0.0
07,2024,10,3.0,7.0,26.0,2.0,1.0,9.0,0.0,0.0,2.0,2.0,32.0,0.0,1.0,0.0,0.0,58.0,1.0,0.0,46.0,2.0,0.0,0.0,0.0,1.0,1.0,1.0,48.0,99.0,0.0,35.0,2.0
07,2024,11,1.0,7.0,11.0,0.0,2.0,5.0,0.0,0.0,0.0,1.0,26.0,0.0,1.0,0.0,0.0,51.0,1.0,0.0,40.0,1.0,0.0,0.0,3.0,1.0,2.0,0.0,30.0,145.0,0.0,30.0,1.0
07,2024,12,3.0,4.0,20.0,0.0,2.0,3.0,0.0,2.0,1.0,1.0,31.0,0.0,1.0,0.0,0.0,52.0,0.0,0.0,49.0,0.0,0.0,0.0,2.0,0.0,1.0,1.0,37.0,99.0,0.0,17.0,1.0
07,2025,1,2.0,5.0,10.0,0.0,5.0,5.0,0.0,1.0,0.0,1.0,58.0,0.0,0.0,0.0,0.0,57.0,0.0,0.0,56.0,0.0,0.0,0.0,1.0,2.0,2.0,3.0,41.0,69.0,0.0,19.0,2.0
07,2025,2,1.0,5.0,16.0,0.0,3.0,1.0,0.0,3.0,0.0,1.0,34.0,0.0,0.0,0.0,0.0,52.0,0.0,0.0,36.0,1.0,0.0,0.0,0.0,0.0,1.0,2.0,29.0,75.0,0.0,13.0,0.0
07,2025,3,4.0,10.0,25.0,0.0,1.0,7.0,0.0,1.0,0.0,0.0,18.0,0.0,0.0,0.0,0.0,58.0,1.0,1.0,47.0,1.0,0.0,0.0,0.0,0.0,1.0,1.0,22.0,59.0,0.0,9.0,0.0
07,2025,4,3.0,5.0,30.0,1.0,1.0,6.0,0.0,7.0,0.0,0.0,22.0,0.0,0.0,0.0,0.0,47.0,1.0,0.0,43.0,3.0,1.0,0.0,0.0,5.0,0.0,1.0,21.0,101.0,0.0,18.0,1.0
07,2025,5,1.0,8.0,26.0,1.0,0.0,4.0,1.0,4.0,0.0,1.0,27.0,0.0,0.0,0.0,0.0,73.0,1.0,0.0,51.0,1.0,0.0,0.0,0.0,0.0,1.0,2.0,48.0,116.0,0.0,14.0,0.0
07,2025,6,1.0,6.0,23.0,0.0,3.0,4.0,0.0,1.0,1.0,0.0,21.0,0.0,0.0,0.0,0.0,53.0,0.0,0.0,32.0,1.0,0.0,0.0,1.0,5.0,0.0,2.0,50.0,90.0,0.0,25.0,0.0
07,2025,7,0.0,9.0,28.0,1.0,1.0,8.0,0.0,0.0,0.0,0.0,25.0,0.0,0.0,0.0,0.0,64.0,0.0,0.0,35.0,1.0,0.0,0.0,0.0,3.0,2.0,1.0,34.0,116.0,0.0,26.0,1.0
07,2025,8,4.0,4.0,26.0,0.0,2.0,5.0,0.0,5.0,0.0,0.0,17.0,0.0,0.0,0.0,0.0,43.0,1.0,1.0,37.0,1.0,0.0,0.0,1.0,2.0,2.0,0.0,28.0,87.0,0.0,26.0,3.0
07,2025,9,1.0,6.0,32.0,0.0,1.0,2.0,0.0,2.0,0.0,0.0,22.0,0.0,0.0,0.0,0.0,48.0,1.0,0.0,42.0,0.0,1.0,0.0,3.0,2.0,2.0,0.0,36.0,75.0,0.0,25.0,0.0
07,2025,10,1.0,2.0,35.0,1.0,0.0,1.0,0.0,3.0,0.0,0.0,18.0,0.0,0.0,0.0,0.0,49.0,0.0,0.0,60.0,2.0,0.0,0.0,1.0,3.0,1.0,0.0,33.0,87.0,0.0,29.0,1.0
07,2025,11,1.0,1.0,22.0,1.0,2.0,4.0,0.0,2.0,1.0,0.0,25.0,0.0,1.0,0.0,0.0,33.0,0.0,0.0,56.0,2.0,0.0,0.0,0.0,1.0,1.0,0.0,20.0,70.0,0.0,15.0,0.0
07,2025,12,2.0,3.0,10.0,1.0,3.0,4.0,0.0,5.0,1.0,0.0,22.0,0.0,0.0,0.0,0.0,34.0,0.0,0.0,39.0,1.0,0.0,0.0,0.0,3.0,3.0,1.0,22.0,84.0,0.0,7.0,1.0
07,2026,1,2.0,1.0,9.0,0.0,2.0,8.0,0.0,3.0,0.0,0.0,16.0,0.0,0.0,0.0,0.0,27.0,0.0,1.0,29.0,1.0,0.0,0.0,1.0,1.0,0.0,1.0,16.0,87.0,0.0,8.0,0.0
07,2026,2,1.0,6.0,20.0,0.0,2.0,2.0,0.0,1.0,0.0,0.0,17.0,0.0,0.0,0.0,0.0,20.0,0.0,0.0,38.0,3.0,0.0,0.0,0.0,4.0,0.0,1.0,16.0,61.0,0.0,11.0,0.0
07,2026,3,0.0,2.0,17.0,0.0,1.0,4.0,0.0,2.0,0.0,0.0,40.0,0.0,0.0,0.0,0.0,39.0,0.0,0.0,49.0,1.0,0.0,0.0,1.0,0.0,0.0,1.0,20.0,65.0,0.0,12.0,3.0
07,2026,4,3.0,11.0,36.0,0.0,2.0,4.0,0.0,2.0,1.0,1.0,39.0,0.0,0.0,0.0,0.0,33.0,0.0,0.0,61.0,1.0,0.0,0.0,2.0,2.0,0.0,1.0,28.0,93.0,0.0,17.0,0.0
08,2024,1,3.0,19.0,36.0,4.0,4.0,5.0,0.0,1.0,5.0,3.0,15.0,0.0,0.0,0.0,0.0,57.0,2.0,1.0,88.0,4.0,0.0,0.0,3.0,9.0,1.0,5.0,38.0,159.0,0.0,38.0,1.0
08,2024,2,4.0,15.0,47.0,2.0,5.0,4.0,0.0,2.0,1.0,2.0,36.0,0.0,1.0,0.0,0.0,38.0,2.0,0.0,64.0,6.0,1.0,0.0,1.0,4.0,3.0,3.0,46.0,143.0,0.0,44.0,0.0
08,2024,3,3.0,16.0,41.0,2.0,6.0,5.0,0.0,1.0,3.0,3.0,32.0,0.0,0.0,0.0,0.0,46.0,1.0,0.0,65.0,2.0,0.0,0.0,2.0,2.0,5.0,5.0,34.0,156.0,0.0,43.0,6.0
08,2024,4,3.0,15.0,28.0,2.0,4.0,9.0,1.0,0.0,1.0,3.0,34.0,0.0,0.0,0.0,0.0,74.0,3.0,0.0,82.0,4.0,0.0,0.0,0.0,2.0,2.0,9.0,56.0,129.0,0.0,57.0,2.0
08,2024,5,5.0,13.0,34.0,4.0,7.0,5.0,0.0,3.0,0.0,0.0,25.0,0.0,0.0,0.0,0.0,46.0,2.0,1.0,95.0,4.0,0.0,0.0,2.0,2.0,1.0,12.0,48.0,200.0,0.0,43.0,1.0
08,2024,6,5.0,18.0,54.0,4.0,3.0,7.0,0.0,2.0,0.0,0.0,15.0,0.0,1.0,0.0,0.0,46.0,3.0,0.0,77.0,2.0,0.0,0.0,0.0,2.0,1.0,7.0,42.0,155.0,0.0,38.0,3.0
08,2024,7,8.0,25.0,50.0,0.0,6.0,2.0,0.0,4.0,0.0,0.0,30.0,0.0,0.0,0.0,0.0,65.0,1.0,0.0,78.0,3.0,0.0,0.0,1.0,6.0,2.0,4.0,88.0,175.0,0.0,49.0,1.0
08,2024,8,1.0,14.0,50.0,1.0,4.0,3.0,0.0,1.0,3.0,3.0,36.0,0.0,0.0,0.0,0.0,59.0,2.0,0.0,82.0,2.0,0.0,0.0,0.0,2.0,5.0,5.0,37.0,184.0,0.0,49.0,2.0
08,2024,9,2.0,20.0,52.0,3.0,11.0,7.0,1.0,0.0,2.0,0.0,32.0,0.0,0.0,0.0,0.0,75.0,2.0,0.0,76.0,2.0,0.0,0.0,1.0,1.0,2.0,1.0,29.0,205.0,0.0,39.0,4.0
08,2024,10,1.0,17.0,45.0,3.0,6.0,6.0,0.0,1.0,1.0,1.0,39.0,0.0,0.0,0.0,3.0,86.0,6.0,0.0,71.0,1.0,2.0,0.0,1.0,3.0,1.0,4.0,45.0,210.0,0.0,55.0,1.0
08,2024,11,3.0,16.0,29.0,2.0,2.0,6.0,0.0,3.0,2.0,2.0,18.0,0.0,0.0,0.0,5.0,65.0,2.0,0.0,87.0,5.0,0.0,0.0,1.0,4.0,1.0,6.0,38.0,168.0,0.0,37.0,1.0
08,2024,12,3.0,13.0,38.0,3.0,2.0,5.0,0.0,0.0,0.0,2.0,25.0,0.0,1.0,0.0,0.0,62.0,1.0,0.0,58.0,5.0,0.0,0.0,2.0,3.0,5.0,6.0,48.0,168.0,0.0,46.0,2.0
08,2025,1,4.0,14.0,41.0,4.0,7.0,7.0,1.0,4.0,0.0,0.0,48.0,0.0,0.0,0.0,4.0,62.0,4.0,0.0,74.0,3.0,0.0,1.0,0.0,2.0,5.0,5.0,27.0,142.0,0.0,20.0,2.0
08,2025,2,3.0,14.0,32.0,4.0,1.0,7.0,0.0,0.0,1.0,1.0,22.0,0.0,0.0,0.0,0.0,52.0,0.0,0.0,59.0,2.0,0.0,0.0,0.0,1.0,2.0,6.0,25.0,122.0,0.0,25.0,0.0
08,2025,3,4.0,13.0,46.0,1.0,3.0,11.0,0.0,4.0,0.0,0.0,27.0,0.0,0.0,0.0,1.0,77.0,2.0,0.0,73.0,0.0,0.0,0.0,0.0,1.0,1.0,4.0,20.0,128.0,0.0,39.0,1.0
08,2025,4,4.0,11.0,41.0,1.0,6.0,5.0,0.0,2.0,0.0,1.0,29.0,0.0,0.0,0.0,1.0,49.0,4.0,0.0,90.0,5.0,0.0,0.0,0.0,4.0,3.0,5.0,31.0,161.0,0.0,36.0,3.0
08,2025,5,3.0,18.0,70.0,2.0,2.0,7.0,0.0,2.0,0.0,0.0,18.0,0.0,1.0,0.0,0.0,52.0,0.0,1.0,87.0,5.0,0.0,0.0,0.0,1.0,1.0,4.0,34.0,168.0,0.0,34.0,4.0
08,2025,6,2.0,9.0,129.0,1.0,4.0,4.0,0.0,2.0,0.0,1.0,27.0,0.0,0.0,0.0,3.0,64.0,2.0,0.0,94.0,2.0,3.0,0.0,1.0,3.0,3.0,5.0,42.0,141.0,0.0,33.0,2.0
08,2025,7,7.0,13.0,111.0,0.0,4.0,5.0,0.0,0.0,2.0,0.0,18.0,0.0,0.0,0.0,0.0,64.0,1.0,0.0,102.0,0.0,0.0,0.0,1.0,1.0,2.0,2.0,22.0,180.0,0.0,32.0,1.0
08,2025,8,1.0,19.0,60.0,1.0,5.0,10.0,0.0,2.0,1.0,1.0,26.0,0.0,1.0,0.0,0.0,66.0,2.0,1.0,64.0,2.0,0.0,1.0,3.0,6.0,2.0,6.0,30.0,177.0,0.0,36.0,2.0
08,2025,9,3.0,13.0,44.0,2.0,6.0,5.0,1.0,2.0,1.0,0.0,25.0,0.0,0.0,0.0,0.0,70.0,2.0,2.0,95.0,3.0,1.0,0.0,3.0,5.0,0.0,2.0,36.0,212.0,0.0,33.0,2.0
08,2025,10,4.0,23.0,55.0,6.0,4.0,5.0,1.0,1.0,0.0,0.0,20.0,0.0,2.0,0.0,0.0,66.0,3.0,0.0,95.0,1.0,2.0,0.0,2.0,1.0,2.0,4.0,19.0,158.0,0.0,43.0,2.0
08,2025,11,2.0,7.0,25.0,4.0,3.0,7.0,0.0,5.0,1.0,0.0,22.0,0.0,0.0,0.0,0.0,28.0,2.0,1.0,78.0,1.0,0.0,0.0,1.0,1.0,2.0,3.0,25.0,166.0,0.0,30.0,0.0
08,2025,12,1.0,13.0,47.0,6.0,9.0,8.0,1.0,3.0,1.0,0.0,35.0,0.0,0.0,0.0,0.0,37.0,4.0,0.0,92.0,0.0,0.0,0.0,4.0,2.0,2.0,1.0,12.0,152.0,0.0,35.0,1.0
08,2026,1,2.0,15.0,34.0,4.0,4.0,4.0,0.0,1.0,0.0,0.0,24.0,0.0,0.0,0.0,0.0,43.0,0.0,1.0,71.0,1.0,2.0,0.0,2.0,4.0,2.0,7.0,23.0,116.0,0.0,27.0,2.0
08,2026,2,3.0,15.0,27.0,0.0,4.0,6.0,0.0,2.0,1.0,1.0,27.0,0.0,0.0,0.0,0.0,35.0,0.0,1.0,71.0,2.0,0.0,1.0,2.0,3.0,0.0,0.0,17.0,105.0,0.0,20.0,2.0
08,2026,3,2.0,14.0,50.0,1.0,2.0,6.0,1.0,3.0,3.0,0.0,25.0,0.0,0.0,0.0,0.0,77.0,2.0,0.0,103.0,0.0,1.0,0.0,0.0,4.0,0.0,3.0,33.0,128.0,0.0,39.0,1.0
08,2026,4,3.0,17.0,47.0,1.0,3.0,8.0,0.0,0.0,2.0,1.0,23.0,0.0,0.0,0.0,1.0,49.0,3.0,0.0,79.0,1.0,0.0,0.0,2.0,6.0,1.0,8.0,17.0,160.0,0.0,26.0,0.0
09,2024,1,5.0,12.0,36.0,2.0,6.0,10.0,0.0,1.0,1.0,1.0,18.0,0.0,1.0,0.0,0.0,23.0,0.0,1.0,78.0,4.0,0.0,0.0,3.0,3.0,5.0,7.0,58.0,223.0,0.0,34.0,0.0
09,2024,2,5.0,12.0,31.0,3.0,7.0,12.0,2.0,3.0,1.0,2.0,24.0,0.0,0.0,0.0,0.0,21.0,5.0,0.0,77.0,4.0,0.0,0.0,1.0,0.0,3.0,5.0,50.0,239.0,0.0,36.0,4.0
09,2024,3,7.0,14.0,45.0,2.0,6.0,8.0,2.0,1.0,1.0,0.0,21.0,0.0,0.0,0.0,0.0,29.0,9.0,0.0,84.0,3.0,0.0,0.0,1.0,0.0,1.0,10.0,53.0,239.0,0.0,40.0,3.0
09,2024,4,3.0,15.0,36.0,5.0,8.0,9.0,4.0,4.0,0.0,3.0,15.0,0.0,0.0,0.0,0.0,28.0,4.0,0.0,74.0,2.0,0.0,0.0,6.0,2.0,2.0,8.0,52.0,241.0,0.0,35.0,0.0
09,2024,5,3.0,31.0,90.0,1.0,24.0,14.0,5.0,1.0,2.0,1.0,41.0,0.0,1.0,0.0,0.0,59.0,8.0,0.0,167.0,6.0,0.0,0.0,3.0,2.0,5.0,21.0,105.0,509.0,0.0,103.0,6.0
09,2024,6,10.0,38.0,66.0,4.0,16.0,6.0,2.0,2.0,2.0,0.0,92.0,0.0,0.0,0.0,0.0,69.0,8.0,1.0,151.0,7.0,0.0,0.0,2.0,3.0,6.0,23.0,114.0,521.0,0.0,117.0,7.0
09,2024,7,10.0,33.0,150.0,4.0,24.0,20.0,11.0,4.0,3.0,0.0,135.0,0.0,0.0,0.0,0.0,94.0,13.0,0.0,172.0,5.0,0.0,1.0,2.0,6.0,3.0,28.0,104.0,608.0,0.0,113.0,5.0
09,2024,8,5.0,33.0,54.0,4.0,11.0,16.0,6.0,3.0,0.0,0.0,95.0,0.0,1.0,0.0,0.0,90.0,6.0,0.0,175.0,13.0,0.0,0.0,2.0,6.0,4.0,29.0,108.0,526.0,0.0,112.0,4.0
09,2024,9,6.0,40.0,72.0,0.0,16.0,10.0,20.0,1.0,0.0,3.0,58.0,0.0,0.0,0.0,0.0,56.0,6.0,0.0,179.0,6.0,0.0,2.0,6.0,1.0,5.0,36.0,65.0,458.0,0.0,92.0,8.0
09,2024,10,7.0,38.0,93.0,5.0,13.0,10.0,12.0,2.0,3.0,3.0,40.0,0.0,1.0,0.0,0.0,94.0,8.0,0.0,171.0,14.0,1.0,0.0,5.0,7.0,7.0,33.0,109.0,574.0,0.0,103.0,7.0
09,2024,11,13.0,41.0,78.0,7.0,20.0,10.0,11.0,4.0,1.0,0.0,38.0,0.0,0.0,0.0,0.0,83.0,7.0,0.0,174.0,4.0,0.0,2.0,1.0,5.0,11.0,27.0,65.0,523.0,0.0,64.0,7.0
09,2024,12,11.0,32.0,78.0,4.0,22.0,17.0,10.0,9.0,0.0,0.0,60.0,0.0,0.0,0.0,0.0,61.0,11.0,0.0,160.0,4.0,1.0,0.0,1.0,3.0,4.0,11.0,50.0,555.0,0.0,64.0,5.0
09,2025,1,6.0,23.0,124.0,8.0,25.0,12.0,8.0,4.0,1.0,0.0,43.0,0.0,0.0,0.0,1.0,44.0,11.0,0.0,151.0,10.0,2.0,1.0,2.0,4.0,5.0,21.0,62.0,446.0,0.0,74.0,7.0
09,2025,2,5.0,39.0,103.0,5.0,34.0,6.0,8.0,2.0,1.0,1.0,50.0,0.0,0.0,0.0,0.0,52.0,5.0,0.0,155.0,4.0,1.0,0.0,0.0,3.0,8.0,25.0,50.0,389.0,0.0,90.0,5.0
09,2025,3,3.0,20.0,111.0,4.0,11.0,3.0,5.0,2.0,1.0,1.0,30.0,0.0,0.0,0.0,0.0,54.0,3.0,1.0,133.0,0.0,0.0,0.0,2.0,6.0,3.0,12.0,41.0,363.0,0.0,52.0,5.0
09,2025,4,3.0,20.0,120.0,5.0,22.0,17.0,10.0,4.0,2.0,0.0,30.0,0.0,1.0,0.0,0.0,63.0,3.0,0.0,148.0,5.0,0.0,0.0,2.0,2.0,3.0,23.0,71.0,424.0,0.0,63.0,7.0
09,2025,5,6.0,26.0,115.0,1.0,19.0,5.0,13.0,2.0,1.0,0.0,40.0,0.0,2.0,0.0,0.0,70.0,2.0,0.0,155.0,7.0,0.0,0.0,2.0,2.0,6.0,22.0,99.0,399.0,0.0,76.0,7.0
09,2025,6,10.0,34.0,102.0,1.0,16.0,13.0,15.0,3.0,1.0,2.0,222.0,0.0,0.0,0.0,0.0,104.0,5.0,0.0,192.0,4.0,0.0,1.0,2.0,6.0,7.0,26.0,114.0,471.0,0.0,85.0,8.0
09,2025,7,3.0,25.0,86.0,2.0,21.0,23.0,11.0,2.0,0.0,0.0,201.0,0.0,0.0,0.0,0.0,114.0,2.0,0.0,163.0,6.0,0.0,0.0,3.0,6.0,17.0,22.0,65.0,416.0,0.0,92.0,8.0
09,2025,8,9.0,29.0,74.0,3.0,15.0,18.0,9.0,4.0,4.0,0.0,155.0,0.0,0.0,0.0,0.0,78.0,13.0,0.0,148.0,3.0,0.0,0.0,6.0,7.0,4.0,23.0,71.0,395.0,0.0,93.0,3.0
09,2025,9,8.0,35.0,69.0,4.0,22.0,15.0,22.0,3.0,1.0,1.0,99.0,0.0,1.0,0.0,0.0,72.0,5.0,0.0,164.0,7.0,0.0,0.0,3.0,4.0,4.0,25.0,85.0,371.0,0.0,71.0,5.0
09,2025,10,9.0,33.0,84.0,1.0,29.0,12.0,18.0,7.0,0.0,1.0,43.0,0.0,2.0,0.0,1.0,103.0,7.0,0.0,171.0,2.0,0.0,1.0,5.0,2.0,14.0,23.0,93.0,395.0,0.0,85.0,5.0
09,2025,11,4.0,35.0,69.0,2.0,22.0,12.0,8.0,7.0,0.0,2.0,37.0,0.0,0.0,0.0,0.0,70.0,6.0,0.0,183.0,2.0,1.0,0.0,2.0,8.0,1.0,15.0,68.0,369.0,1.0,81.0,7.0
09,2025,12,3.0,22.0,73.0,3.0,26.0,8.0,9.0,1.0,1.0,2.0,41.0,0.0,0.0,0.0,0.0,66.0,4.0,0.0,146.0,1.0,0.0,0.0,3.0,1.0,4.0,28.0,60.0,395.0,0.0,69.0,6.0
09,2026,1,5.0,23.0,106.0,1.0,15.0,15.0,8.0,4.0,2.0,0.0,38.0,0.0,0.0,0.0,0.0,59.0,6.0,0.0,146.0,4.0,0.0,0.0,3.0,2.0,5.0,20.0,45.0,316.0,0.0,59.0,1.0
09,2026,2,3.0,17.0,91.0,1.0,7.0,15.0,9.0,5.0,3.0,1.0,26.0,0.0,0.0,0.0,0.0,42.0,3.0,0.0,115.0,1.0,2.0,1.0,0.0,0.0,8.0,13.0,55.0,344.0,0.0,50.0,2.0
09,2026,3,6.0,31.0,77.0,1.0,7.0,17.0,8.0,6.0,1.0,1.0,34.0,0.0,0.0,0.0,0.0,62.0,3.0,0.0,134.0,4.0,0.0,0.0,2.0,3.0,0.0,13.0,56.0,398.0,0.0,68.0,3.0
09,2026,4,6.0,37.0,86.0,3.0,20.0,17.0,3.0,5.0,2.0,0.0,40.0,0.0,0.0,0.0,0.0,85.0,6.0,0.0,148.0,6.0,0.0,3.0,5.0,3.0,5.0,21.0,61.0,379.0,0.0,64.0,8.0
12,2024,1,15.0,18.0,48.0,7.0,9.0,30.0,0.0,9.0,0.0,0.0,30.0,0.0,2.0,0.0,0.0,87.0,4.0,0.0,102.0,1.0,1.0,0.0,0.0,8.0,9.0,12.0,47.0,103.0,0.0,57.0,21.0
12,2024,2,11.0,26.0,131.0,3.0,6.0,24.0,2.0,9.0,0.0,0.0,31.0,0.0,3.0,0.0,1.0,59.0,14.0,0.0,148.0,4.0,0.0,0.0,2.0,8.0,6.0,11.0,39.0,100.0,0.0,62.0,14.0
12,2024,3,8.0,31.0,103.0,7.0,9.0,23.0,2.0,11.0,0.0,0.0,41.0,0.0,0.0,0.0,2.0,71.0,6.0,0.0,142.0,7.0,4.0,0.0,2.0,12.0,4.0,11.0,54.0,137.0,0.0,73.0,15.0
12,2024,4,16.0,37.0,89.0,5.0,9.0,8.0,2.0,10.0,1.0,0.0,42.0,0.0,2.0,0.0,0.0,58.0,1.0,0.0,134.0,5.0,0.0,0.0,2.0,18.0,7.0,12.0,32.0,159.0,0.0,82.0,16.0
12,2024,5,19.0,36.0,75.0,7.0,11.0,25.0,0.0,5.0,2.0,1.0,35.0,0.0,2.0,0.0,3.0,80.0,13.0,0.0,174.0,3.0,0.0,0.0,2.0,8.0,7.0,8.0,34.0,200.0,0.0,72.0,19.0
12,2024,6,13.0,33.0,49.0,9.0,9.0,20.0,1.0,5.0,0.0,0.0,32.0,0.0,1.0,0.0,1.0,73.0,6.0,0.0,151.0,6.0,0.0,0.0,3.0,16.0,5.0,11.0,50.0,220.0,0.0,86.0,23.0
12,2024,7,11.0,42.0,111.0,7.0,4.0,21.0,2.0,2.0,1.0,0.0,55.0,0.0,3.0,0.0,0.0,74.0,8.0,1.0,157.0,4.0,0.0,0.0,1.0,19.0,9.0,13.0,53.0,154.0,0.0,67.0,26.0
12,2024,8,16.0,42.0,77.0,4.0,7.0,21.0,2.0,4.0,1.0,0.0,35.0,0.0,0.0,0.0,2.0,78.0,3.0,2.0,126.0,4.0,4.0,0.0,1.0,11.0,6.0,11.0,38.0,163.0,0.0,78.0,17.0
12,2024,9,18.0,40.0,53.0,2.0,21.0,31.0,7.0,2.0,1.0,0.0,41.0,0.0,2.0,0.0,0.0,68.0,4.0,1.0,143.0,6.0,0.0,0.0,0.0,4.0,14.0,12.0,35.0,146.0,0.0,80.0,20.0
12,2024,10,17.0,29.0,69.0,3.0,17.0,24.0,5.0,3.0,0.0,0.0,43.0,6.0,0.0,0.0,0.0,70.0,6.0,1.0,157.0,1.0,0.0,0.0,1.0,6.0,8.0,16.0,47.0,180.0,0.0,59.0,16.0
12,2024,11,10.0,27.0,49.0,2.0,10.0,24.0,3.0,0.0,2.0,0.0,38.0,7.0,2.0,0.0,0.0,47.0,4.0,0.0,145.0,1.0,0.0,0.0,3.0,5.0,5.0,13.0,32.0,148.0,0.0,71.0,12.0
12,2024,12,14.0,24.0,37.0,3.0,4.0,15.0,2.0,1.0,0.0,1.0,37.0,1.0,2.0,0.0,0.0,52.0,7.0,0.0,137.0,4.0,0.0,0.0,2.0,6.0,6.0,7.0,31.0,161.0,0.0,49.0,12.0
12,2025,1,16.0,31.0,52.0,0.0,1.0,29.0,1.0,5.0,1.0,0.0,35.0,0.0,3.0,0.0,0.0,54.0,3.0,0.0,130.0,2.0,1.0,0.0,1.0,8.0,12.0,10.0,23.0,141.0,0.0,41.0,13.0
12,2025,2,18.0,23.0,47.0,4.0,9.0,23.0,1.0,6.0,0.0,0.0,29.0,0.0,1.0,0.0,0.0,52.0,2.0,2.0,114.0,0.0,0.0,0.0,0.0,10.0,4.0,7.0,23.0,133.0,0.0,51.0,10.0
12,2025,3,10.0,26.0,60.0,3.0,6.0,16.0,3.0,5.0,1.0,0.0,28.0,0.0,3.0,0.0,0.0,44.0,2.0,0.0,99.0,3.0,4.0,0.0,1.0,4.0,1.0,4.0,48.0,109.0,0.0,66.0,14.0
12,2025,4,15.0,31.0,60.0,2.0,6.0,15.0,5.0,5.0,2.0,0.0,37.0,0.0,0.0,0.0,0.0,72.0,4.0,0.0,138.0,4.0,0.0,0.0,2.0,14.0,8.0,14.0,41.0,162.0,0.0,72.0,9.0
12,2025,5,24.0,31.0,52.0,2.0,1.0,23.0,1.0,3.0,0.0,0.0,39.0,0.0,2.0,0.0,0.0,66.0,3.0,0.0,139.0,4.0,0.0,1.0,2.0,7.0,5.0,7.0,36.0,140.0,0.0,69.0,14.0
12,2025,6,13.0,49.0,56.0,2.0,11.0,13.0,1.0,2.0,2.0,0.0,30.0,0.0,3.0,0.0,0.0,96.0,1.0,0.0,150.0,7.0,0.0,0.0,2.0,14.0,1.0,13.0,42.0,143.0,0.0,77.0,14.0
12,2025,7,16.0,31.0,148.0,0.0,4.0,21.0,1.0,0.0,1.0,0.0,32.0,0.0,1.0,0.0,0.0,78.0,2.0,0.0,163.0,3.0,0.0,0.0,3.0,11.0,5.0,15.0,50.0,150.0,0.0,85.0,18.0
12,2025,8,8.0,25.0,69.0,6.0,1.0,25.0,2.0,6.0,0.0,0.0,35.0,0.0,1.0,0.0,0.0,69.0,6.0,1.0,138.0,4.0,0.0,0.0,3.0,11.0,4.0,10.0,44.0,143.0,0.0,62.0,9.0
12,2025,9,8.0,39.0,59.0,3.0,8.0,23.0,1.0,5.0,1.0,0.0,32.0,0.0,0.0,0.0,0.0,65.0,1.0,0.0,149.0,3.0,0.0,0.0,5.0,12.0,3.0,6.0,31.0,168.0,0.0,71.0,11.0
12,2025,10,14.0,28.0,70.0,1.0,7.0,14.0,3.0,2.0,0.0,0.0,48.0,0.0,3.0,0.0,0.0,58.0,3.0,1.0,143.0,3.0,0.0,0.0,4.0,15.0,2.0,21.0,35.0,152.0,0.0,43.0,11.0
12,2025,11,11.0,28.0,46.0,4.0,5.0,15.0,1.0,12.0,0.0,0.0,27.0,0.0,0.0,0.0,1.0,64.0,0.0,0.0,142.0,0.0,2.0,0.0,4.0,7.0,8.0,8.0,38.0,163.0,0.0,59.0,14.0
12,2025,12,11.0,28.0,52.0,1.0,8.0,14.0,1.0,8.0,0.0,1.0,28.0,0.0,3.0,0.0,1.0,71.0,0.0,0.0,142.0,2.0,0.0,0.0,4.0,10.0,13.0,5.0,21.0,119.0,0.0,71.0,16.0
12,2026,1,12.0,18.0,63.0,1.0,11.0,16.0,3.0,11.0,0.0,0.0,21.0,0.0,2.0,0.0,0.0,73.0,3.0,0.0,131.0,1.0,0.0,0.0,2.0,8.0,11.0,8.0,19.0,125.0,0.0,68.0,18.0
12,2026,2,7.0,23.0,71.0,3.0,6.0,16.0,1.0,13.0,0.0,0.0,27.0,0.0,0.0,0.0,0.0,46.0,2.0,0.0,112.0,0.0,0.0,0.0,5.0,7.0,3.0,8.0,29.0,113.0,0.0,44.0,10.0
12,2026,3,8.0,22.0,68.0,2.0,4.0,15.0,1.0,7.0,1.0,0.0,32.0,0.0,0.0,0.0,0.0,62.0,4.0,0.0,133.0,3.0,0.0,0.0,4.0,15.0,2.0,5.0,13.0,160.0,0.0,66.0,22.0
12,2026,4,8.0,39.0,71.0,3.0,6.0,17.0,0.0,9.0,1.0,0.0,17.0,0.0,1.0,0.0,0.0,51.0,5.0,0.0,136.0,5.0,0.0,0.0,2.0,9.0,1.0,6.0,17.0,119.0,0.0,57.0,15.0
14,2024,1,10.0,18.0,48.0,2.0,1.0,16.0,0.0,0.0,1.0,4.0,46.0,0.0,2.0,0.0,0.0,88.0,12.0,26.0,139.0,5.0,0.0,0.0,2.0,4.0,12.0,6.0,41.0,163.0,0.0,75.0,18.0
14,2024,2,10.0,19.0,44.0,6.0,9.0,19.0,2.0,2.0,0.0,4.0,51.0,0.0,1.0,0.0,0.0,77.0,17.0,24.0,143.0,3.0,0.0,0.0,1.0,2.0,11.0,9.0,35.0,134.0,0.0,85.0,4.0
14,2024,3,7.0,12.0,37.0,2.0,3.0,14.0,0.0,5.0,2.0,1.0,42.0,0.0,2.0,0.0,0.0,56.0,15.0,35.0,155.0,1.0,0.0,0.0,1.0,2.0,10.0,7.0,46.0,163.0,0.0,83.0,17.0
14,2024,4,21.0,23.0,65.0,0.0,2.0,18.0,0.0,2.0,0.0,1.0,54.0,0.0,0.0,0.0,0.0,64.0,10.0,24.0,158.0,3.0,0.0,0.0,0.0,3.0,1.0,6.0,54.0,171.0,0.0,87.0,13.0
14,2024,5,10.0,32.0,51.0,5.0,7.0,13.0,0.0,0.0,2.0,2.0,37.0,0.0,2.0,0.0,0.0,76.0,10.0,21.0,175.0,2.0,0.0,0.0,4.0,2.0,4.0,6.0,62.0,168.0,0.0,114.0,12.0
14,2024,6,13.0,25.0,34.0,2.0,2.0,9.0,1.0,0.0,1.0,0.0,59.0,0.0,1.0,0.0,0.0,76.0,20.0,17.0,159.0,2.0,0.0,0.0,1.0,2.0,8.0,5.0,48.0,192.0,0.0,90.0,15.0
14,2024,7,17.0,36.0,50.0,4.0,7.0,21.0,0.0,1.0,3.0,0.0,53.0,0.0,1.0,0.0,1.0,105.0,7.0,15.0,159.0,4.0,0.0,0.0,5.0,5.0,9.0,3.0,53.0,242.0,0.0,113.0,17.0
14,2024,8,11.0,25.0,55.0,1.0,6.0,22.0,0.0,2.0,2.0,1.0,66.0,0.0,0.0,0.0,1.0,127.0,6.0,23.0,145.0,2.0,0.0,0.0,2.0,4.0,9.0,9.0,82.0,198.0,0.0,104.0,23.0
14,2024,9,10.0,18.0,44.0,3.0,8.0,14.0,2.0,2.0,1.0,0.0,64.0,0.0,1.0,0.0,0.0,88.0,9.0,15.0,181.0,6.0,0.0,0.0,2.0,7.0,9.0,12.0,72.0,175.0,0.0,91.0,12.0
14,2024,10,13.0,21.0,50.0,0.0,5.0,18.0,1.0,2.0,0.0,4.0,52.0,0.0,0.0,0.0,0.0,60.0,17.0,21.0,173.0,3.0,0.0,0.0,3.0,4.0,4.0,6.0,56.0,202.0,0.0,82.0,13.0
14,2024,11,8.0,24.0,35.0,1.0,4.0,11.0,1.0,0.0,0.0,0.0,64.0,0.0,2.0,0.0,0.0,78.0,8.0,30.0,155.0,4.0,0.0,0.0,2.0,8.0,10.0,6.0,51.0,155.0,0.0,84.0,12.0
14,2024,12,7.0,18.0,42.0,0.0,1.0,12.0,0.0,2.0,1.0,4.0,48.0,0.0,0.0,0.0,0.0,79.0,9.0,31.0,155.0,3.0,0.0,0.0,1.0,6.0,5.0,8.0,62.0,142.0,0.0,77.0,14.0
14,2025,1,12.0,21.0,40.0,3.0,4.0,15.0,0.0,1.0,0.0,0.0,54.0,0.0,0.0,0.0,0.0,48.0,11.0,13.0,160.0,5.0,0.0,0.0,2.0,3.0,8.0,2.0,46.0,140.0,0.0,65.0,11.0
14,2025,2,7.0,14.0,42.0,3.0,2.0,14.0,0.0,3.0,1.0,0.0,52.0,0.0,0.0,0.0,0.0,45.0,8.0,21.0,165.0,5.0,0.0,0.0,3.0,3.0,3.0,7.0,42.0,110.0,0.0,73.0,6.0
14,2025,3,9.0,18.0,47.0,3.0,2.0,6.0,2.0,6.0,1.0,2.0,30.0,0.0,1.0,0.0,0.0,52.0,13.0,24.0,139.0,2.0,0.0,0.0,4.0,6.0,4.0,5.0,42.0,107.0,0.0,73.0,11.0
14,2025,4,11.0,24.0,72.0,3.0,3.0,17.0,2.0,4.0,0.0,6.0,39.0,0.0,0.0,0.0,1.0,64.0,13.0,27.0,171.0,3.0,0.0,1.0,2.0,4.0,2.0,6.0,39.0,147.0,0.0,61.0,16.0
14,2025,5,14.0,20.0,50.0,0.0,4.0,8.0,0.0,4.0,0.0,2.0,51.0,0.0,2.0,0.0,0.0,57.0,16.0,22.0,169.0,3.0,0.0,0.0,2.0,2.0,7.0,7.0,46.0,147.0,0.0,96.0,11.0
14,2025,6,11.0,30.0,58.0,0.0,5.0,17.0,0.0,3.0,0.0,4.0,38.0,0.0,0.0,0.0,0.0,117.0,11.0,15.0,146.0,1.0,0.0,0.0,2.0,8.0,6.0,7.0,46.0,133.0,0.0,81.0,7.0
14,2025,7,14.0,30.0,54.0,4.0,6.0,13.0,1.0,2.0,0.0,1.0,50.0,0.0,1.0,0.0,0.0,111.0,17.0,21.0,158.0,1.0,0.0,0.0,4.0,3.0,6.0,11.0,49.0,171.0,0.0,56.0,14.0
14,2025,8,11.0,31.0,64.0,0.0,7.0,12.0,1.0,2.0,0.0,1.0,62.0,0.0,1.0,0.0,0.0,103.0,9.0,17.0,152.0,3.0,0.0,0.0,2.0,3.0,13.0,7.0,42.0,161.0,0.0,91.0,9.0
14,2025,9,10.0,23.0,60.0,3.0,5.0,20.0,2.0,0.0,1.0,1.0,60.0,0.0,2.0,0.0,0.0,104.0,14.0,9.0,161.0,2.0,0.0,0.0,1.0,3.0,7.0,7.0,59.0,137.0,0.0,94.0,14.0
14,2025,10,11.0,24.0,55.0,7.0,7.0,19.0,0.0,1.0,0.0,0.0,52.0,0.0,2.0,0.0,0.0,105.0,25.0,4.0,183.0,4.0,0.0,0.0,3.0,5.0,5.0,12.0,42.0,148.0,0.0,84.0,8.0
14,2025,11,9.0,32.0,52.0,2.0,4.0,9.0,0.0,1.0,0.0,0.0,41.0,0.0,1.0,0.0,0.0,78.0,19.0,5.0,147.0,1.0,0.0,0.0,2.0,4.0,3.0,3.0,34.0,143.0,0.0,72.0,10.0
14,2025,12,6.0,26.0,49.0,0.0,4.0,14.0,1.0,1.0,0.0,0.0,55.0,0.0,0.0,0.0,0.0,65.0,20.0,6.0,131.0,5.0,0.0,0.0,3.0,5.0,2.0,7.0,28.0,133.0,0.0,49.0,13.0
14,2026,1,8.0,18.0,49.0,0.0,6.0,13.0,0.0,5.0,0.0,1.0,39.0,0.0,0.0,0.0,0.0,67.0,20.0,0.0,142.0,1.0,0.0,0.0,1.0,3.0,7.0,2.0,27.0,101.0,0.0,54.0,9.0
14,2026,2,6.0,23.0,55.0,0.0,1.0,19.0,1.0,4.0,1.0,0.0,26.0,0.0,0.0,0.0,0.0,54.0,12.0,0.0,150.0,1.0,0.0,0.0,2.0,3.0,3.0,3.0,28.0,110.0,0.0,53.0,17.0
14,2026,3,13.0,21.0,80.0,5.0,2.0,6.0,2.0,3.0,1.0,1.0,36.0,0.0,0.0,0.0,0.0,61.0,16.0,2.0,171.0,4.0,0.0,0.0,4.0,5.0,9.0,4.0,42.0,130.0,0.0,47.0,9.0
14,2026,4,4.0,30.0,74.0,0.0,1.0,15.0,2.0,2.0,1.0,0.0,35.0,0.0,3.0,0.0,0.0,87.0,26.0,0.0,146.0,3.0,0.0,0.0,1.0,7.0,4.0,6.0,46.0,140.0,0.0,83.0,7.0
15,2024,1,20.0,38.0,81.0,2.0,13.0,11.0,1.0,11.0,1.0,1.0,46.0,0.0,3.0,0.0,0.0,103.0,7.0,1.0,170.0,9.0,0.0,0.0,1.0,14.0,22.0,13.0,31.0,269.0,0.0,101.0,23.0
15,2024,2,17.0,37.0,69.0,4.0,9.0,18.0,2.0,1.0,0.0,3.0,36.0,0.0,2.0,0.0,0.0,67.0,7.0,2.0,176.0,2.0,1.0,0.0,5.0,4.0,16.0,8.0,39.0,249.0,0.0,79.0,17.0
15,2024,3,29.0,40.0,106.0,5.0,17.0,25.0,1.0,4.0,1.0,2.0,45.0,0.0,1.0,0.0,0.0,114.0,4.0,0.0,164.0,9.0,0.0,0.0,3.0,14.0,7.0,18.0,83.0,260.0,0.0,77.0,16.0
15,2024,4,21.0,32.0,78.0,1.0,12.0,24.0,3.0,4.0,5.0,0.0,48.0,0.0,2.0,0.0,2.0,127.0,8.0,1.0,197.0,6.0,10.0,0.0,5.0,8.0,6.0,15.0,93.0,245.0,0.0,104.0,29.0
15,2024,5,29.0,47.0,75.0,2.0,11.0,33.0,5.0,7.0,2.0,1.0,53.0,0.0,0.0,0.0,0.0,104.0,14.0,0.0,197.0,3.0,1.0,0.0,4.0,9.0,10.0,16.0,97.0,323.0,0.0,95.0,15.0
15,2024,6,21.0,33.0,75.0,3.0,5.0,19.0,3.0,2.0,0.0,3.0,54.0,0.0,1.0,0.0,0.0,159.0,9.0,1.0,197.0,7.0,0.0,0.0,1.0,7.0,10.0,23.0,104.0,280.0,0.0,100.0,15.0
15,2024,7,19.0,37.0,106.0,4.0,5.0,28.0,4.0,5.0,0.0,1.0,72.0,0.0,6.0,0.0,0.0,113.0,6.0,0.0,205.0,8.0,3.0,0.0,5.0,16.0,16.0,18.0,96.0,281.0,0.0,116.0,25.0
15,2024,8,23.0,49.0,100.0,6.0,7.0,31.0,3.0,6.0,1.0,3.0,78.0,0.0,1.0,0.0,0.0,137.0,7.0,0.0,208.0,2.0,0.0,0.0,6.0,16.0,15.0,22.0,94.0,254.0,0.0,99.0,24.0
15,2024,9,22.0,41.0,123.0,6.0,8.0,23.0,5.0,4.0,0.0,0.0,59.0,0.0,0.0,0.0,1.0,156.0,10.0,0.0,237.0,11.0,0.0,1.0,5.0,9.0,16.0,21.0,68.0,254.0,0.0,99.0,14.0
15,2024,10,22.0,31.0,85.0,10.0,7.0,22.0,1.0,5.0,1.0,0.0,31.0,0.0,2.0,0.0,2.0,119.0,18.0,0.0,184.0,8.0,0.0,0.0,4.0,22.0,20.0,12.0,74.0,287.0,0.0,85.0,24.0
15,2024,11,22.0,43.0,78.0,3.0,10.0,18.0,5.0,2.0,1.0,1.0,33.0,0.0,4.0,0.0,0.0,103.0,14.0,0.0,172.0,7.0,0.0,0.0,3.0,20.0,11.0,14.0,61.0,303.0,0.0,88.0,24.0
15,2024,12,14.0,30.0,57.0,6.0,7.0,18.0,3.0,7.0,0.0,0.0,47.0,0.0,0.0,0.0,0.0,96.0,7.0,0.0,181.0,3.0,0.0,0.0,7.0,12.0,21.0,15.0,60.0,307.0,0.0,78.0,24.0
15,2025,1,18.0,35.0,72.0,4.0,10.0,11.0,1.0,5.0,0.0,1.0,45.0,0.0,2.0,0.0,0.0,128.0,23.0,1.0,189.0,10.0,0.0,0.0,1.0,7.0,11.0,11.0,65.0,301.0,0.0,59.0,25.0
15,2025,2,16.0,30.0,85.0,4.0,8.0,13.0,5.0,1.0,0.0,0.0,53.0,0.0,0.0,0.0,0.0,117.0,11.0,1.0,154.0,2.0,0.0,0.0,1.0,16.0,3.0,6.0,54.0,245.0,0.0,87.0,21.0
15,2025,3,11.0,23.0,90.0,4.0,5.0,15.0,5.0,4.0,1.0,0.0,45.0,0.0,0.0,0.0,0.0,103.0,8.0,0.0,171.0,4.0,0.0,0.0,1.0,9.0,5.0,15.0,58.0,232.0,0.0,53.0,16.0
15,2025,4,15.0,39.0,110.0,4.0,7.0,16.0,4.0,6.0,0.0,1.0,49.0,0.0,2.0,0.0,1.0,92.0,5.0,0.0,198.0,4.0,1.0,0.0,6.0,8.0,9.0,11.0,78.0,274.0,0.0,73.0,10.0
15,2025,5,22.0,42.0,93.0,1.0,11.0,14.0,4.0,3.0,1.0,0.0,43.0,0.0,0.0,0.0,0.0,121.0,4.0,1.0,200.0,9.0,2.0,0.0,2.0,11.0,9.0,11.0,66.0,245.0,0.0,80.0,22.0
15,2025,6,17.0,43.0,90.0,5.0,6.0,17.0,1.0,7.0,0.0,0.0,64.0,0.0,5.0,0.0,0.0,137.0,5.0,2.0,175.0,4.0,1.0,0.0,3.0,12.0,8.0,14.0,80.0,227.0,0.0,74.0,12.0
15,2025,7,19.0,39.0,71.0,3.0,7.0,18.0,4.0,2.0,1.0,1.0,93.0,0.0,1.0,0.0,0.0,152.0,8.0,1.0,167.0,5.0,4.0,0.0,7.0,10.0,8.0,14.0,61.0,290.0,0.0,76.0,16.0
15,2025,8,24.0,42.0,96.0,4.0,6.0,20.0,8.0,7.0,0.0,2.0,74.0,0.0,0.0,0.0,0.0,131.0,3.0,0.0,126.0,7.0,0.0,0.0,2.0,16.0,14.0,19.0,89.0,273.0,1.0,85.0,11.0
15,2025,9,18.0,41.0,94.0,5.0,7.0,24.0,1.0,2.0,2.0,1.0,56.0,0.0,0.0,0.0,0.0,112.0,8.0,1.0,187.0,5.0,0.0,0.0,9.0,20.0,13.0,15.0,78.0,325.0,0.0,78.0,19.0
15,2025,10,12.0,33.0,78.0,2.0,6.0,17.0,3.0,5.0,1.0,1.0,66.0,0.0,1.0,0.0,1.0,96.0,22.0,0.0,179.0,5.0,0.0,0.0,7.0,11.0,12.0,18.0,68.0,276.0,0.0,67.0,12.0
15,2025,11,24.0,29.0,109.0,3.0,3.0,17.0,6.0,5.0,1.0,0.0,41.0,0.0,0.0,0.0,0.0,113.0,13.0,0.0,178.0,2.0,0.0,0.0,6.0,7.0,9.0,16.0,55.0,291.0,1.0,70.0,20.0
15,2025,12,13.0,35.0,115.0,2.0,7.0,23.0,6.0,7.0,0.0,0.0,69.0,0.0,1.0,0.0,0.0,76.0,6.0,0.0,175.0,6.0,0.0,0.0,7.0,13.0,15.0,23.0,51.0,249.0,0.0,76.0,15.0
15,2026,1,9.0,37.0,165.0,3.0,4.0,18.0,2.0,6.0,1.0,2.0,100.0,0.0,1.0,0.0,0.0,69.0,9.0,1.0,141.0,0.0,0.0,0.0,2.0,9.0,4.0,12.0,48.0,204.0,1.0,48.0,14.0
15,2026,2,16.0,20.0,170.0,6.0,3.0,13.0,8.0,5.0,0.0,1.0,58.0,0.0,1.0,0.0,0.0,95.0,8.0,0.0,160.0,7.0,0.0,0.0,4.0,4.0,6.0,9.0,49.0,175.0,0.0,66.0,12.0
15,2026,3,17.0,37.0,131.0,6.0,5.0,13.0,0.0,15.0,0.0,1.0,47.0,0.0,0.0,0.0,0.0,122.0,3.0,2.0,209.0,3.0,0.0,0.0,5.0,15.0,4.0,13.0,69.0,247.0,0.0,59.0,19.0
15,2026,4,19.0,40.0,128.0,4.0,8.0,18.0,3.0,11.0,1.0,0.0,48.0,0.0,0.0,0.0,0.0,107.0,6.0,0.0,165.0,3.0,0.0,0.0,7.0,8.0,8.0,14.0,59.0,264.0,1.0,66.0,9.0
16,2024,1,14.0,17.0,65.0,1.0,3.0,14.0,3.0,2.0,0.0,0.0,15.0,0.0,1.0,0.0,0.0,37.0,3.0,1.0,65.0,2.0,2.0,0.0,0.0,5.0,6.0,8.0,23.0,73.0,0.0,39.0,4.0
16,2024,2,3.0,19.0,74.0,0.0,2.0,6.0,4.0,4.0,1.0,0.0,17.0,0.0,1.0,0.0,0.0,15.0,12.0,0.0,67.0,2.0,7.0,0.0,3.0,1.0,1.0,7.0,15.0,61.0,0.0,26.0,7.0
16,2024,3,8.0,13.0,30.0,3.0,2.0,6.0,1.0,2.0,0.0,0.0,19.0,0.0,1.0,0.0,1.0,33.0,9.0,0.0,65.0,6.0,0.0,0.0,3.0,1.0,3.0,5.0,17.0,51.0,0.0,20.0,7.0
16,2024,4,15.0,20.0,48.0,1.0,2.0,5.0,4.0,0.0,0.0,0.0,14.0,0.0,1.0,0.0,2.0,20.0,6.0,0.0,82.0,3.0,8.0,0.0,0.0,3.0,0.0,7.0,13.0,70.0,0.0,35.0,2.0
16,2024,5,10.0,14.0,47.0,7.0,5.0,20.0,0.0,1.0,0.0,1.0,19.0,0.0,1.0,0.0,0.0,28.0,5.0,0.0,96.0,2.0,3.0,0.0,1.0,2.0,5.0,5.0,29.0,93.0,0.0,39.0,7.0
16,2024,6,14.0,23.0,42.0,1.0,3.0,11.0,0.0,2.0,0.0,0.0,22.0,0.0,3.0,0.0,0.0,39.0,5.0,0.0,70.0,1.0,2.0,0.0,1.0,1.0,3.0,8.0,45.0,104.0,0.0,79.0,6.0
16,2024,7,8.0,25.0,40.0,3.0,2.0,11.0,4.0,3.0,0.0,0.0,26.0,0.0,0.0,0.0,1.0,35.0,5.0,0.0,89.0,8.0,3.0,0.0,1.0,4.0,8.0,6.0,24.0,83.0,0.0,46.0,7.0
16,2024,8,13.0,12.0,61.0,5.0,6.0,18.0,4.0,2.0,0.0,0.0,12.0,0.0,0.0,0.0,0.0,32.0,6.0,0.0,91.0,3.0,4.0,0.0,1.0,3.0,2.0,6.0,27.0,90.0,0.0,38.0,3.0
16,2024,9,11.0,16.0,55.0,2.0,4.0,10.0,6.0,1.0,0.0,0.0,9.0,0.0,0.0,0.0,0.0,34.0,2.0,0.0,83.0,3.0,7.0,1.0,0.0,6.0,7.0,5.0,25.0,79.0,0.0,38.0,6.0
16,2024,10,14.0,23.0,42.0,4.0,1.0,11.0,2.0,2.0,0.0,0.0,11.0,10.0,2.0,0.0,0.0,29.0,5.0,0.0,71.0,3.0,0.0,0.0,1.0,10.0,7.0,11.0,28.0,89.0,0.0,41.0,5.0
16,2024,11,12.0,13.0,37.0,4.0,4.0,5.0,4.0,1.0,0.0,0.0,14.0,12.0,0.0,0.0,0.0,24.0,4.0,1.0,88.0,2.0,6.0,0.0,5.0,0.0,7.0,5.0,27.0,69.0,0.0,43.0,3.0
16,2024,12,14.0,19.0,27.0,3.0,1.0,12.0,6.0,2.0,0.0,2.0,18.0,0.0,5.0,0.0,0.0,28.0,9.0,0.0,73.0,1.0,0.0,0.0,2.0,2.0,5.0,5.0,13.0,76.0,0.0,28.0,6.0
16,2025,1,10.0,15.0,43.0,2.0,3.0,10.0,4.0,1.0,0.0,0.0,15.0,0.0,1.0,0.0,0.0,32.0,2.0,1.0,72.0,5.0,0.0,1.0,3.0,2.0,1.0,9.0,23.0,78.0,0.0,24.0,14.0
16,2025,2,5.0,11.0,33.0,3.0,0.0,7.0,4.0,2.0,0.0,0.0,17.0,0.0,1.0,0.0,0.0,23.0,1.0,0.0,60.0,1.0,3.0,0.0,0.0,1.0,6.0,10.0,15.0,67.0,0.0,40.0,8.0
16,2025,3,4.0,19.0,54.0,1.0,3.0,8.0,5.0,3.0,0.0,0.0,8.0,0.0,3.0,0.0,2.0,19.0,2.0,0.0,70.0,3.0,6.0,0.0,1.0,3.0,2.0,4.0,13.0,56.0,0.0,25.0,6.0
16,2025,4,7.0,14.0,49.0,3.0,2.0,9.0,3.0,3.0,0.0,0.0,15.0,0.0,2.0,0.0,0.0,24.0,6.0,1.0,68.0,2.0,8.0,0.0,2.0,2.0,3.0,5.0,17.0,61.0,0.0,44.0,12.0
16,2025,5,11.0,22.0,32.0,2.0,3.0,10.0,8.0,3.0,0.0,0.0,17.0,0.0,0.0,0.0,0.0,38.0,4.0,0.0,84.0,7.0,1.0,0.0,3.0,3.0,3.0,6.0,22.0,68.0,0.0,32.0,4.0
16,2025,6,14.0,22.0,33.0,3.0,2.0,9.0,0.0,2.0,1.0,0.0,35.0,0.0,1.0,0.0,0.0,36.0,4.0,2.0,80.0,0.0,3.0,0.0,3.0,3.0,1.0,5.0,33.0,85.0,0.0,38.0,7.0
16,2025,7,10.0,24.0,55.0,1.0,2.0,14.0,10.0,1.0,0.0,0.0,23.0,0.0,0.0,0.0,0.0,33.0,6.0,1.0,92.0,1.0,0.0,0.0,2.0,2.0,1.0,7.0,31.0,64.0,0.0,47.0,10.0
16,2025,8,4.0,17.0,59.0,7.0,4.0,23.0,4.0,5.0,0.0,1.0,26.0,0.0,1.0,0.0,0.0,28.0,2.0,0.0,91.0,3.0,0.0,1.0,5.0,6.0,1.0,5.0,22.0,69.0,0.0,41.0,4.0
16,2025,9,12.0,33.0,77.0,2.0,1.0,15.0,6.0,3.0,0.0,0.0,15.0,0.0,0.0,0.0,0.0,31.0,4.0,1.0,105.0,1.0,3.0,0.0,2.0,2.0,1.0,11.0,28.0,69.0,0.0,43.0,7.0
16,2025,10,9.0,22.0,38.0,3.0,5.0,17.0,5.0,2.0,0.0,0.0,21.0,0.0,0.0,0.0,0.0,28.0,2.0,1.0,116.0,2.0,11.0,0.0,2.0,4.0,2.0,3.0,22.0,107.0,0.0,39.0,7.0
16,2025,11,12.0,23.0,28.0,3.0,2.0,15.0,7.0,1.0,0.0,0.0,23.0,0.0,0.0,0.0,0.0,37.0,2.0,0.0,97.0,1.0,3.0,0.0,1.0,1.0,4.0,5.0,20.0,92.0,0.0,39.0,7.0
16,2025,12,8.0,14.0,38.0,0.0,2.0,14.0,4.0,2.0,0.0,1.0,19.0,0.0,1.0,0.0,0.0,22.0,2.0,0.0,98.0,0.0,0.0,0.0,2.0,5.0,2.0,10.0,25.0,80.0,0.0,42.0,4.0
16,2026,1,5.0,20.0,36.0,1.0,5.0,10.0,5.0,0.0,0.0,0.0,14.0,0.0,0.0,0.0,0.0,21.0,1.0,1.0,84.0,0.0,3.0,0.0,4.0,1.0,1.0,12.0,23.0,63.0,0.0,35.0,4.0
16,2026,2,4.0,12.0,27.0,0.0,2.0,3.0,4.0,4.0,0.0,0.0,13.0,0.0,0.0,0.0,0.0,7.0,6.0,0.0,96.0,2.0,0.0,1.0,2.0,1.0,6.0,8.0,15.0,63.0,0.0,24.0,3.0
16,2026,3,4.0,24.0,49.0,0.0,4.0,10.0,10.0,2.0,0.0,0.0,10.0,0.0,0.0,0.0,0.0,20.0,7.0,0.0,116.0,1.0,0.0,1.0,2.0,6.0,2.0,5.0,43.0,87.0,0.0,54.0,9.0
16,2026,4,8.0,22.0,48.0,1.0,6.0,14.0,2.0,5.0,0.0,0.0,15.0,0.0,0.0,0.0,1.0,40.0,5.0,0.0,88.0,1.0,6.0,1.0,3.0,2.0,4.0,10.0,37.0,73.0,0.0,44.0,4.0
17,2024,1,3.0,4.0,33.0,0.0,3.0,7.0,0.0,1.0,0.0,0.0,15.0,0.0,0.0,0.0,0.0,31.0,2.0,1.0,31.0,0.0,0.0,0.0,0.0,2.0,0.0,6.0,13.0,73.0,0.0,27.0,2.0
17,2024,2,5.0,11.0,19.0,1.0,1.0,11.0,0.0,2.0,0.0,0.0,22.0,0.0,0.0,0.0,0.0,26.0,5.0,0.0,33.0,4.0,0.0,0.0,0.0,2.0,4.0,3.0,15.0,93.0,0.0,26.0,3.0
17,2024,3,3.0,9.0,21.0,1.0,3.0,9.0,0.0,2.0,0.0,0.0,19.0,0.0,0.0,0.0,0.0,36.0,3.0,0.0,40.0,0.0,0.0,0.0,0.0,1.0,0.0,3.0,20.0,103.0,0.0,19.0,4.0
17,2024,4,2.0,8.0,48.0,1.0,4.0,8.0,0.0,0.0,0.0,0.0,11.0,0.0,1.0,0.0,0.0,22.0,4.0,1.0,44.0,0.0,0.0,0.0,0.0,0.0,0.0,6.0,23.0,108.0,0.0,18.0,5.0
17,2024,5,4.0,5.0,149.0,1.0,2.0,6.0,1.0,1.0,1.0,0.0,17.0,0.0,2.0,0.0,0.0,30.0,6.0,6.0,61.0,2.0,0.0,0.0,0.0,1.0,2.0,6.0,22.0,154.0,0.0,40.0,0.0
17,2024,6,3.0,13.0,35.0,0.0,2.0,9.0,0.0,0.0,0.0,0.0,16.0,0.0,0.0,0.0,0.0,50.0,1.0,0.0,46.0,0.0,0.0,0.0,0.0,0.0,2.0,2.0,18.0,130.0,0.0,27.0,7.0
17,2024,7,4.0,10.0,32.0,0.0,0.0,6.0,0.0,0.0,0.0,0.0,15.0,0.0,0.0,0.0,0.0,18.0,4.0,1.0,59.0,2.0,0.0,0.0,1.0,5.0,6.0,7.0,39.0,114.0,0.0,50.0,6.0
17,2024,8,6.0,12.0,58.0,1.0,3.0,10.0,0.0,0.0,0.0,0.0,13.0,0.0,0.0,0.0,0.0,23.0,2.0,2.0,41.0,1.0,1.0,0.0,0.0,0.0,4.0,8.0,24.0,158.0,0.0,50.0,1.0
17,2024,9,4.0,8.0,48.0,0.0,7.0,8.0,0.0,0.0,0.0,0.0,13.0,0.0,0.0,0.0,0.0,25.0,0.0,1.0,46.0,0.0,0.0,0.0,1.0,2.0,1.0,4.0,15.0,123.0,0.0,26.0,3.0
17,2024,10,5.0,10.0,22.0,0.0,2.0,4.0,1.0,0.0,0.0,0.0,15.0,0.0,0.0,0.0,0.0,20.0,1.0,0.0,42.0,2.0,0.0,0.0,0.0,0.0,0.0,3.0,29.0,96.0,0.0,35.0,2.0
17,2024,11,4.0,4.0,17.0,0.0,1.0,10.0,0.0,2.0,0.0,0.0,15.0,0.0,1.0,0.0,0.0,43.0,1.0,3.0,52.0,3.0,0.0,0.0,0.0,0.0,1.0,4.0,32.0,121.0,0.0,33.0,2.0
17,2024,12,3.0,11.0,15.0,3.0,3.0,2.0,0.0,4.0,0.0,1.0,15.0,0.0,0.0,0.0,0.0,33.0,0.0,2.0,45.0,0.0,0.0,0.0,1.0,1.0,2.0,4.0,38.0,128.0,0.0,33.0,4.0
17,2025,1,6.0,9.0,52.0,0.0,4.0,8.0,1.0,5.0,2.0,0.0,16.0,0.0,0.0,0.0,0.0,31.0,2.0,8.0,43.0,0.0,0.0,0.0,1.0,1.0,2.0,2.0,16.0,149.0,0.0,26.0,5.0
17,2025,2,5.0,7.0,38.0,3.0,3.0,5.0,0.0,1.0,0.0,1.0,29.0,0.0,0.0,0.0,0.0,25.0,1.0,5.0,37.0,0.0,0.0,0.0,0.0,3.0,2.0,2.0,20.0,80.0,0.0,19.0,2.0
17,2025,3,2.0,7.0,41.0,1.0,3.0,1.0,1.0,0.0,0.0,0.0,25.0,0.0,0.0,0.0,0.0,17.0,1.0,2.0,43.0,2.0,0.0,0.0,0.0,1.0,1.0,5.0,12.0,78.0,0.0,17.0,1.0
17,2025,4,3.0,4.0,41.0,3.0,3.0,6.0,0.0,2.0,0.0,0.0,14.0,0.0,0.0,0.0,0.0,25.0,0.0,3.0,45.0,1.0,0.0,0.0,0.0,4.0,3.0,5.0,32.0,121.0,0.0,30.0,0.0
17,2025,5,5.0,10.0,218.0,0.0,2.0,7.0,2.0,1.0,0.0,0.0,22.0,0.0,0.0,0.0,0.0,23.0,3.0,2.0,58.0,2.0,0.0,0.0,0.0,4.0,4.0,2.0,32.0,130.0,0.0,26.0,1.0
17,2025,6,4.0,7.0,83.0,0.0,2.0,9.0,0.0,0.0,0.0,1.0,25.0,0.0,1.0,0.0,0.0,31.0,0.0,3.0,37.0,3.0,0.0,0.0,0.0,1.0,1.0,2.0,27.0,109.0,0.0,41.0,1.0
17,2025,7,1.0,9.0,42.0,1.0,7.0,7.0,3.0,1.0,0.0,0.0,21.0,0.0,4.0,0.0,0.0,26.0,1.0,3.0,63.0,1.0,0.0,0.0,2.0,2.0,3.0,4.0,30.0,139.0,0.0,38.0,5.0
17,2025,8,1.0,5.0,67.0,0.0,5.0,7.0,0.0,1.0,0.0,0.0,15.0,0.0,0.0,0.0,0.0,24.0,0.0,1.0,48.0,4.0,0.0,0.0,2.0,1.0,1.0,6.0,33.0,159.0,1.0,33.0,4.0
17,2025,9,1.0,12.0,69.0,1.0,4.0,8.0,0.0,0.0,2.0,0.0,18.0,0.0,0.0,0.0,0.0,30.0,1.0,5.0,71.0,1.0,0.0,0.0,1.0,3.0,1.0,5.0,40.0,155.0,0.0,40.0,0.0
17,2025,10,3.0,11.0,69.0,2.0,2.0,5.0,1.0,1.0,0.0,0.0,25.0,0.0,0.0,0.0,0.0,34.0,0.0,1.0,49.0,3.0,0.0,0.0,3.0,2.0,4.0,5.0,28.0,171.0,0.0,27.0,3.0
17,2025,11,4.0,8.0,47.0,1.0,6.0,8.0,0.0,0.0,0.0,0.0,20.0,0.0,1.0,0.0,0.0,31.0,0.0,4.0,54.0,3.0,0.0,0.0,3.0,4.0,0.0,4.0,39.0,139.0,0.0,31.0,2.0
17,2025,12,2.0,3.0,39.0,3.0,0.0,8.0,0.0,1.0,0.0,0.0,18.0,0.0,0.0,0.0,0.0,21.0,0.0,2.0,47.0,1.0,0.0,0.0,0.0,0.0,2.0,3.0,44.0,156.0,0.0,30.0,3.0
17,2026,1,1.0,11.0,22.0,1.0,0.0,6.0,0.0,2.0,0.0,1.0,16.0,0.0,0.0,0.0,0.0,28.0,0.0,0.0,40.0,0.0,0.0,0.0,0.0,3.0,2.0,5.0,38.0,149.0,0.0,32.0,2.0
17,2026,2,2.0,9.0,19.0,0.0,1.0,4.0,0.0,1.0,1.0,1.0,21.0,0.0,0.0,0.0,0.0,38.0,0.0,2.0,49.0,1.0,0.0,0.0,2.0,3.0,0.0,10.0,18.0,117.0,0.0,16.0,3.0
17,2026,3,3.0,9.0,39.0,0.0,2.0,13.0,0.0,2.0,0.0,0.0,15.0,0.0,1.0,0.0,0.0,31.0,0.0,0.0,60.0,0.0,0.0,0.0,2.0,3.0,0.0,7.0,22.0,179.0,0.0,26.0,3.0
17,2026,4,3.0,10.0,34.0,0.0,0.0,7.0,0.0,0.0,0.0,1.0,19.0,0.0,0.0,0.0,0.0,33.0,0.0,0.0,57.0,1.0,0.0,0.0,2.0,0.0,5.0,2.0,16.0,192.0,0.0,34.0,2.0
18,2024,1,7.0,26.0,64.0,4.0,4.0,11.0,1.0,4.0,2.0,0.0,29.0,0.0,1.0,0.0,0.0,50.0,11.0,1.0,88.0,3.0,1.0,0.0,2.0,7.0,9.0,10.0,39.0,149.0,0.0,70.0,16.0
18,2024,2,12.0,19.0,82.0,5.0,2.0,10.0,5.0,5.0,0.0,1.0,25.0,0.0,0.0,0.0,0.0,61.0,7.0,1.0,89.0,3.0,0.0,0.0,0.0,5.0,7.0,7.0,24.0,145.0,0.0,66.0,15.0
18,2024,3,17.0,24.0,40.0,2.0,5.0,14.0,0.0,3.0,3.0,0.0,27.0,0.0,1.0,0.0,0.0,42.0,3.0,0.0,103.0,4.0,0.0,0.0,2.0,7.0,5.0,5.0,41.0,113.0,0.0,66.0,7.0
18,2024,4,7.0,22.0,68.0,4.0,9.0,15.0,1.0,12.0,0.0,0.0,22.0,0.0,0.0,0.0,0.0,41.0,2.0,1.0,105.0,4.0,0.0,0.0,2.0,7.0,7.0,12.0,34.0,140.0,0.0,58.0,11.0
18,2024,5,16.0,23.0,65.0,2.0,9.0,16.0,0.0,1.0,0.0,0.0,26.0,0.0,3.0,0.0,1.0,66.0,1.0,0.0,100.0,4.0,0.0,0.0,4.0,4.0,4.0,15.0,25.0,177.0,0.0,77.0,15.0
18,2024,6,11.0,27.0,43.0,1.0,3.0,7.0,1.0,1.0,0.0,0.0,66.0,0.0,2.0,0.0,0.0,53.0,4.0,0.0,95.0,4.0,0.0,0.0,1.0,7.0,6.0,9.0,42.0,120.0,0.0,77.0,10.0
18,2024,7,16.0,32.0,84.0,1.0,4.0,14.0,2.0,4.0,0.0,0.0,49.0,0.0,2.0,0.0,0.0,33.0,1.0,0.0,95.0,5.0,0.0,1.0,1.0,1.0,10.0,11.0,20.0,136.0,0.0,50.0,15.0
18,2024,8,14.0,17.0,50.0,4.0,4.0,17.0,1.0,2.0,2.0,0.0,26.0,0.0,1.0,0.0,3.0,45.0,7.0,0.0,88.0,6.0,0.0,1.0,3.0,1.0,4.0,10.0,16.0,137.0,0.0,56.0,11.0
18,2024,9,11.0,30.0,63.0,2.0,9.0,17.0,0.0,1.0,0.0,0.0,47.0,0.0,1.0,0.0,0.0,50.0,7.0,0.0,91.0,2.0,0.0,0.0,3.0,1.0,2.0,13.0,30.0,152.0,0.0,59.0,10.0
18,2024,10,7.0,30.0,53.0,5.0,6.0,15.0,1.0,4.0,1.0,1.0,25.0,0.0,0.0,0.0,0.0,41.0,1.0,0.0,104.0,4.0,0.0,0.0,1.0,4.0,9.0,12.0,18.0,128.0,0.0,56.0,21.0
18,2024,11,13.0,33.0,45.0,4.0,14.0,12.0,1.0,2.0,0.0,0.0,24.0,0.0,0.0,0.0,1.0,58.0,2.0,0.0,75.0,7.0,0.0,0.0,3.0,4.0,4.0,5.0,24.0,126.0,0.0,62.0,7.0
18,2024,12,9.0,17.0,35.0,3.0,5.0,13.0,5.0,2.0,0.0,0.0,48.0,0.0,0.0,0.0,0.0,40.0,4.0,0.0,70.0,1.0,0.0,1.0,2.0,5.0,5.0,11.0,25.0,135.0,0.0,41.0,9.0
18,2025,1,11.0,16.0,41.0,3.0,4.0,18.0,0.0,2.0,2.0,0.0,31.0,0.0,0.0,0.0,0.0,31.0,2.0,1.0,85.0,2.0,0.0,0.0,5.0,3.0,5.0,8.0,7.0,141.0,0.0,49.0,8.0
18,2025,2,3.0,18.0,34.0,0.0,6.0,4.0,3.0,4.0,0.0,0.0,27.0,0.0,0.0,0.0,0.0,30.0,4.0,0.0,70.0,2.0,0.0,0.0,2.0,2.0,3.0,9.0,18.0,119.0,0.0,28.0,9.0
18,2025,3,9.0,18.0,38.0,1.0,6.0,8.0,1.0,6.0,0.0,0.0,26.0,0.0,0.0,0.0,0.0,37.0,3.0,1.0,80.0,1.0,0.0,0.0,5.0,1.0,7.0,6.0,16.0,109.0,0.0,35.0,11.0
18,2025,4,6.0,29.0,50.0,2.0,4.0,7.0,0.0,3.0,0.0,0.0,31.0,0.0,1.0,0.0,0.0,51.0,5.0,1.0,71.0,7.0,0.0,0.0,2.0,2.0,10.0,16.0,16.0,149.0,0.0,55.0,9.0
18,2025,5,19.0,24.0,28.0,2.0,3.0,17.0,2.0,2.0,1.0,2.0,23.0,0.0,2.0,0.0,0.0,43.0,8.0,2.0,98.0,4.0,0.0,0.0,2.0,4.0,6.0,9.0,17.0,123.0,0.0,61.0,9.0
18,2025,6,11.0,28.0,38.0,6.0,4.0,16.0,1.0,5.0,0.0,0.0,114.0,0.0,0.0,0.0,0.0,49.0,4.0,0.0,86.0,2.0,0.0,0.0,5.0,2.0,6.0,6.0,26.0,156.0,0.0,84.0,12.0
18,2025,7,10.0,29.0,47.0,0.0,15.0,15.0,5.0,0.0,0.0,0.0,189.0,0.0,2.0,0.0,0.0,56.0,0.0,2.0,105.0,2.0,0.0,0.0,7.0,3.0,2.0,12.0,30.0,168.0,0.0,85.0,10.0
18,2025,8,12.0,18.0,42.0,1.0,2.0,16.0,1.0,0.0,0.0,0.0,106.0,0.0,0.0,0.0,0.0,65.0,3.0,0.0,93.0,3.0,0.0,0.0,6.0,4.0,7.0,8.0,28.0,126.0,0.0,61.0,8.0
18,2025,9,11.0,26.0,40.0,2.0,4.0,7.0,4.0,2.0,0.0,0.0,60.0,0.0,2.0,0.0,0.0,48.0,2.0,0.0,127.0,0.0,0.0,0.0,4.0,1.0,6.0,8.0,33.0,163.0,0.0,49.0,10.0
18,2025,10,12.0,19.0,62.0,3.0,6.0,11.0,3.0,4.0,0.0,0.0,46.0,0.0,0.0,0.0,0.0,47.0,3.0,0.0,96.0,4.0,0.0,0.0,1.0,6.0,4.0,10.0,36.0,179.0,0.0,56.0,18.0
18,2025,11,8.0,20.0,38.0,2.0,4.0,9.0,10.0,3.0,0.0,0.0,23.0,0.0,1.0,0.0,0.0,52.0,9.0,1.0,88.0,5.0,0.0,0.0,4.0,3.0,8.0,16.0,24.0,149.0,0.0,55.0,11.0
18,2025,12,6.0,12.0,48.0,2.0,1.0,9.0,3.0,5.0,0.0,0.0,19.0,0.0,0.0,0.0,0.0,38.0,3.0,0.0,74.0,2.0,0.0,0.0,2.0,3.0,1.0,7.0,22.0,126.0,0.0,43.0,7.0
18,2026,1,4.0,13.0,24.0,3.0,2.0,15.0,1.0,2.0,1.0,0.0,22.0,0.0,1.0,0.0,0.0,44.0,4.0,0.0,75.0,3.0,0.0,0.0,5.0,1.0,8.0,6.0,12.0,136.0,0.0,54.0,8.0
18,2026,2,4.0,13.0,26.0,0.0,2.0,6.0,4.0,1.0,0.0,0.0,25.0,0.0,0.0,0.0,0.0,36.0,4.0,0.0,78.0,3.0,0.0,0.0,1.0,1.0,4.0,6.0,14.0,78.0,0.0,36.0,8.0
18,2026,3,8.0,16.0,33.0,2.0,0.0,9.0,2.0,1.0,2.0,0.0,35.0,0.0,2.0,0.0,0.0,27.0,8.0,1.0,97.0,3.0,0.0,0.0,5.0,0.0,2.0,12.0,29.0,92.0,0.0,38.0,10.0
18,2026,4,11.0,20.0,33.0,0.0,9.0,15.0,1.0,1.0,2.0,0.0,33.0,0.0,2.0,0.0,1.0,48.0,8.0,1.0,105.0,1.0,0.0,0.0,7.0,3.0,3.0,2.0,16.0,97.0,0.0,57.0,12.0
19,2024,1,15.0,36.0,60.0,6.0,5.0,20.0,1.0,6.0,3.0,2.0,54.0,0.0,2.0,0.0,0.0,69.0,10.0,0.0,198.0,6.0,1.0,0.0,5.0,3.0,8.0,5.0,18.0,150.0,0.0,77.0,18.0
19,2024,2,16.0,17.0,57.0,2.0,6.0,12.0,3.0,3.0,2.0,0.0,35.0,0.0,2.0,0.0,1.0,62.0,9.0,0.0,183.0,3.0,2.0,0.0,1.0,7.0,6.0,6.0,24.0,124.0,0.0,67.0,8.0
19,2024,3,16.0,38.0,63.0,1.0,4.0,16.0,3.0,1.0,1.0,0.0,46.0,0.0,1.0,0.0,1.0,52.0,8.0,0.0,221.0,3.0,0.0,0.0,3.0,3.0,4.0,11.0,22.0,141.0,0.0,85.0,20.0
19,2024,4,22.0,34.0,64.0,3.0,3.0,18.0,2.0,2.0,2.0,1.0,50.0,0.0,3.0,0.0,0.0,46.0,7.0,0.0,216.0,6.0,0.0,0.0,8.0,3.0,7.0,14.0,17.0,212.0,0.0,80.0,25.0
19,2024,5,16.0,44.0,64.0,6.0,2.0,16.0,2.0,8.0,1.0,0.0,41.0,0.0,0.0,0.0,1.0,94.0,9.0,1.0,223.0,5.0,1.0,0.0,4.0,3.0,4.0,15.0,29.0,252.0,0.0,80.0,18.0
19,2024,6,20.0,29.0,46.0,2.0,4.0,20.0,1.0,2.0,1.0,1.0,47.0,0.0,1.0,0.0,2.0,89.0,4.0,0.0,212.0,4.0,0.0,0.0,6.0,5.0,3.0,15.0,44.0,240.0,0.0,84.0,13.0
19,2024,7,25.0,31.0,65.0,4.0,7.0,22.0,0.0,5.0,0.0,0.0,48.0,0.0,4.0,0.0,4.0,89.0,4.0,0.0,212.0,3.0,0.0,0.0,2.0,9.0,18.0,8.0,58.0,209.0,0.0,83.0,20.0
19,2024,8,22.0,32.0,57.0,4.0,5.0,19.0,0.0,1.0,2.0,0.0,43.0,0.0,4.0,0.0,0.0,90.0,8.0,0.0,237.0,4.0,0.0,0.0,1.0,12.0,5.0,12.0,30.0,182.0,0.0,86.0,24.0
19,2024,9,24.0,39.0,62.0,4.0,7.0,16.0,3.0,2.0,0.0,0.0,44.0,0.0,0.0,0.0,0.0,41.0,4.0,0.0,230.0,8.0,0.0,0.0,4.0,3.0,13.0,8.0,28.0,188.0,0.0,76.0,10.0
19,2024,10,22.0,46.0,47.0,3.0,4.0,20.0,1.0,4.0,4.0,0.0,52.0,0.0,4.0,0.0,1.0,43.0,7.0,0.0,204.0,7.0,0.0,0.0,7.0,6.0,6.0,13.0,28.0,154.0,0.0,64.0,14.0
19,2024,11,17.0,33.0,55.0,7.0,5.0,13.0,2.0,5.0,0.0,1.0,34.0,0.0,4.0,0.0,0.0,75.0,5.0,1.0,204.0,4.0,1.0,0.0,7.0,9.0,9.0,8.0,46.0,168.0,0.0,65.0,10.0
19,2024,12,15.0,17.0,48.0,1.0,3.0,22.0,2.0,2.0,3.0,0.0,39.0,0.0,4.0,0.0,0.0,50.0,3.0,0.0,209.0,6.0,0.0,0.0,2.0,4.0,4.0,8.0,38.0,219.0,0.0,74.0,8.0
19,2025,1,13.0,27.0,42.0,1.0,7.0,15.0,0.0,2.0,0.0,0.0,40.0,0.0,2.0,0.0,0.0,45.0,3.0,0.0,190.0,0.0,0.0,0.0,1.0,1.0,10.0,5.0,23.0,206.0,0.0,75.0,17.0
19,2025,2,9.0,16.0,53.0,2.0,4.0,14.0,0.0,3.0,0.0,2.0,38.0,0.0,1.0,0.0,0.0,32.0,7.0,1.0,186.0,4.0,0.0,0.0,2.0,3.0,15.0,8.0,13.0,135.0,0.0,60.0,10.0
19,2025,3,13.0,27.0,57.0,2.0,3.0,21.0,0.0,3.0,2.0,1.0,29.0,0.0,0.0,0.0,0.0,49.0,8.0,0.0,163.0,1.0,0.0,0.0,2.0,5.0,2.0,8.0,30.0,137.0,0.0,55.0,22.0
19,2025,4,14.0,34.0,73.0,0.0,6.0,12.0,1.0,5.0,0.0,2.0,42.0,0.0,1.0,0.0,0.0,48.0,5.0,0.0,218.0,3.0,0.0,0.0,4.0,7.0,2.0,11.0,36.0,201.0,0.0,61.0,16.0
19,2025,5,10.0,26.0,58.0,1.0,3.0,18.0,5.0,5.0,2.0,0.0,21.0,0.0,5.0,0.0,0.0,63.0,3.0,1.0,241.0,4.0,3.0,0.0,6.0,6.0,4.0,14.0,36.0,186.0,0.0,83.0,19.0
19,2025,6,14.0,38.0,110.0,2.0,5.0,18.0,1.0,6.0,0.0,0.0,33.0,0.0,0.0,0.0,0.0,81.0,1.0,2.0,209.0,2.0,1.0,0.0,5.0,8.0,4.0,7.0,35.0,187.0,0.0,70.0,10.0
19,2025,7,26.0,29.0,91.0,0.0,8.0,14.0,2.0,2.0,1.0,1.0,38.0,0.0,1.0,0.0,0.0,75.0,1.0,1.0,218.0,1.0,0.0,0.0,2.0,7.0,7.0,11.0,35.0,170.0,0.0,83.0,14.0
19,2025,8,10.0,29.0,112.0,4.0,2.0,16.0,4.0,4.0,0.0,0.0,44.0,0.0,0.0,0.0,1.0,69.0,6.0,1.0,182.0,4.0,0.0,0.0,1.0,4.0,10.0,7.0,38.0,140.0,0.0,85.0,19.0
19,2025,9,17.0,27.0,108.0,2.0,4.0,15.0,5.0,3.0,1.0,0.0,36.0,0.0,0.0,0.0,0.0,75.0,5.0,0.0,204.0,3.0,0.0,0.0,1.0,8.0,4.0,9.0,48.0,191.0,0.0,81.0,17.0
19,2025,10,13.0,35.0,94.0,0.0,3.0,23.0,11.0,1.0,1.0,0.0,33.0,0.0,2.0,0.0,1.0,52.0,6.0,0.0,238.0,4.0,0.0,0.0,3.0,6.0,7.0,7.0,32.0,131.0,0.0,68.0,14.0
19,2025,11,15.0,25.0,54.0,2.0,10.0,15.0,6.0,7.0,1.0,0.0,35.0,0.0,0.0,0.0,1.0,68.0,3.0,1.0,182.0,6.0,0.0,0.0,2.0,13.0,7.0,10.0,39.0,127.0,0.0,59.0,13.0
19,2025,12,15.0,33.0,51.0,2.0,6.0,11.0,5.0,4.0,2.0,0.0,26.0,0.0,1.0,0.0,0.0,54.0,5.0,0.0,182.0,1.0,3.0,0.0,6.0,4.0,5.0,4.0,21.0,131.0,0.0,64.0,10.0
19,2026,1,14.0,16.0,67.0,4.0,6.0,15.0,2.0,3.0,1.0,0.0,31.0,0.0,0.0,0.0,0.0,53.0,3.0,1.0,189.0,3.0,0.0,0.0,3.0,7.0,7.0,8.0,23.0,106.0,0.0,61.0,14.0
19,2026,2,11.0,26.0,38.0,2.0,1.0,12.0,2.0,2.0,0.0,1.0,36.0,0.0,1.0,0.0,1.0,38.0,1.0,1.0,183.0,2.0,0.0,0.0,2.0,4.0,6.0,5.0,20.0,98.0,0.0,62.0,15.0
19,2026,3,12.0,35.0,45.0,1.0,4.0,20.0,10.0,5.0,1.0,0.0,33.0,0.0,0.0,0.0,0.0,52.0,4.0,1.0,213.0,4.0,0.0,0.0,2.0,4.0,3.0,7.0,27.0,95.0,0.0,81.0,17.0
19,2026,4,18.0,27.0,51.0,1.0,1.0,26.0,4.0,2.0,0.0,1.0,39.0,0.0,1.0,0.0,1.0,71.0,5.0,2.0,217.0,2.0,0.0,0.0,1.0,5.0,2.0,5.0,29.0,104.0,0.0,80.0,21.0
22,2024,1,25.0,24.0,62.0,4.0,8.0,54.0,0.0,6.0,0.0,0.0,23.0,0.0,3.0,0.0,1.0,85.0,28.0,0.0,174.0,3.0,0.0,0.0,4.0,7.0,20.0,17.0,64.0,155.0,0.0,92.0,13.0
22,2024,2,26.0,26.0,103.0,7.0,5.0,38.0,3.0,5.0,0.0,2.0,31.0,0.0,3.0,0.0,1.0,70.0,32.0,0.0,199.0,5.0,0.0,0.0,1.0,3.0,18.0,16.0,69.0,173.0,0.0,115.0,30.0
22,2024,3,23.0,42.0,87.0,3.0,4.0,60.0,4.0,11.0,0.0,0.0,38.0,0.0,2.0,0.0,1.0,65.0,18.0,0.0,218.0,6.0,0.0,0.0,1.0,3.0,11.0,14.0,51.0,179.0,0.0,98.0,21.0
22,2024,4,25.0,48.0,76.0,6.0,7.0,53.0,3.0,8.0,0.0,1.0,48.0,0.0,0.0,0.0,2.0,70.0,21.0,2.0,229.0,3.0,0.0,1.0,5.0,4.0,12.0,25.0,68.0,167.0,0.0,98.0,21.0
22,2024,5,32.0,44.0,60.0,5.0,10.0,34.0,3.0,2.0,1.0,0.0,40.0,0.0,1.0,0.0,0.0,84.0,21.0,1.0,241.0,7.0,0.0,0.0,8.0,9.0,12.0,20.0,69.0,156.0,0.0,107.0,35.0
22,2024,6,26.0,50.0,77.0,5.0,8.0,55.0,7.0,3.0,2.0,0.0,53.0,0.0,4.0,0.0,0.0,104.0,25.0,0.0,223.0,1.0,0.0,0.0,5.0,3.0,10.0,20.0,56.0,159.0,0.0,111.0,18.0
22,2024,7,22.0,45.0,137.0,1.0,6.0,39.0,1.0,2.0,0.0,0.0,50.0,0.0,3.0,0.0,0.0,79.0,7.0,0.0,223.0,4.0,0.0,1.0,5.0,10.0,18.0,21.0,79.0,155.0,0.0,86.0,33.0
22,2024,8,24.0,34.0,86.0,3.0,6.0,37.0,6.0,0.0,0.0,0.0,54.0,0.0,2.0,0.0,0.0,89.0,9.0,0.0,217.0,6.0,0.0,0.0,4.0,8.0,13.0,25.0,64.0,142.0,0.0,93.0,28.0
22,2024,9,23.0,38.0,79.0,5.0,12.0,56.0,2.0,4.0,0.0,0.0,57.0,0.0,0.0,0.0,1.0,73.0,16.0,1.0,227.0,9.0,0.0,0.0,6.0,8.0,18.0,17.0,42.0,139.0,0.0,87.0,24.0
22,2024,10,15.0,39.0,68.0,6.0,16.0,49.0,6.0,2.0,0.0,1.0,41.0,0.0,1.0,0.0,2.0,86.0,20.0,0.0,214.0,9.0,0.0,1.0,8.0,2.0,9.0,15.0,78.0,159.0,0.0,89.0,23.0
22,2024,11,28.0,39.0,67.0,2.0,7.0,35.0,17.0,8.0,0.0,0.0,39.0,0.0,3.0,0.0,0.0,61.0,14.0,0.0,187.0,8.0,0.0,0.0,3.0,8.0,18.0,16.0,47.0,148.0,0.0,88.0,21.0
22,2024,12,16.0,30.0,80.0,7.0,9.0,30.0,3.0,4.0,0.0,0.0,34.0,0.0,1.0,0.0,0.0,58.0,13.0,1.0,216.0,2.0,0.0,0.0,5.0,3.0,15.0,11.0,37.0,137.0,0.0,73.0,19.0
22,2025,1,12.0,27.0,66.0,1.0,4.0,40.0,5.0,5.0,1.0,0.0,55.0,0.0,5.0,0.0,0.0,55.0,17.0,0.0,210.0,5.0,0.0,0.0,6.0,9.0,9.0,9.0,43.0,135.0,0.0,74.0,24.0
22,2025,2,18.0,34.0,58.0,4.0,11.0,25.0,9.0,1.0,0.0,0.0,34.0,0.0,3.0,0.0,0.0,51.0,11.0,0.0,165.0,6.0,0.0,0.0,5.0,5.0,10.0,13.0,28.0,127.0,0.0,71.0,21.0
22,2025,3,14.0,32.0,66.0,5.0,4.0,30.0,22.0,3.0,1.0,0.0,36.0,0.0,0.0,0.0,0.0,61.0,8.0,0.0,179.0,4.0,0.0,0.0,3.0,2.0,6.0,9.0,49.0,115.0,0.0,82.0,17.0
22,2025,4,16.0,38.0,83.0,3.0,6.0,42.0,17.0,4.0,0.0,0.0,49.0,0.0,1.0,0.0,0.0,76.0,14.0,0.0,225.0,2.0,0.0,0.0,7.0,2.0,3.0,18.0,62.0,150.0,0.0,105.0,18.0
22,2025,5,17.0,47.0,75.0,5.0,3.0,28.0,14.0,7.0,1.0,0.0,38.0,0.0,1.0,0.0,0.0,86.0,15.0,0.0,225.0,2.0,0.0,0.0,4.0,8.0,4.0,17.0,54.0,125.0,0.0,113.0,14.0
22,2025,6,27.0,29.0,100.0,4.0,5.0,36.0,23.0,6.0,2.0,0.0,57.0,0.0,5.0,0.0,0.0,112.0,27.0,0.0,214.0,3.0,0.0,1.0,8.0,5.0,8.0,16.0,73.0,133.0,0.0,101.0,13.0
22,2025,7,23.0,45.0,88.0,9.0,3.0,42.0,5.0,3.0,2.0,0.0,51.0,0.0,1.0,0.0,0.0,88.0,15.0,1.0,206.0,13.0,0.0,1.0,9.0,7.0,13.0,22.0,68.0,140.0,0.0,124.0,14.0
22,2025,8,28.0,48.0,137.0,4.0,6.0,57.0,13.0,9.0,0.0,0.0,149.0,0.0,3.0,0.0,0.0,107.0,14.0,1.0,181.0,2.0,0.0,0.0,3.0,5.0,10.0,21.0,72.0,132.0,0.0,74.0,22.0
22,2025,9,20.0,51.0,95.0,2.0,11.0,38.0,14.0,6.0,0.0,0.0,47.0,0.0,3.0,0.0,0.0,122.0,18.0,0.0,199.0,1.0,0.0,0.0,7.0,5.0,9.0,20.0,54.0,153.0,0.0,100.0,24.0
22,2025,10,17.0,54.0,94.0,3.0,10.0,45.0,6.0,9.0,0.0,0.0,49.0,0.0,5.0,0.0,0.0,111.0,24.0,1.0,225.0,2.0,0.0,0.0,13.0,6.0,8.0,23.0,71.0,188.0,0.0,74.0,26.0
22,2025,11,12.0,56.0,102.0,7.0,5.0,35.0,4.0,7.0,0.0,0.0,52.0,0.0,1.0,0.0,0.0,73.0,11.0,0.0,214.0,1.0,0.0,0.0,2.0,6.0,8.0,24.0,56.0,142.0,0.0,82.0,22.0
22,2025,12,20.0,31.0,91.0,1.0,3.0,35.0,7.0,15.0,0.0,0.0,34.0,0.0,1.0,0.0,0.0,57.0,20.0,0.0,177.0,2.0,0.0,0.0,4.0,3.0,13.0,11.0,43.0,132.0,0.0,85.0,24.0
22,2026,1,13.0,39.0,88.0,4.0,2.0,34.0,9.0,13.0,1.0,1.0,27.0,0.0,1.0,0.0,0.0,38.0,20.0,1.0,165.0,3.0,0.0,1.0,6.0,6.0,12.0,16.0,35.0,125.0,0.0,64.0,23.0
22,2026,2,11.0,35.0,103.0,3.0,2.0,34.0,4.0,9.0,0.0,1.0,37.0,0.0,2.0,0.0,0.0,39.0,19.0,0.0,183.0,1.0,0.0,0.0,5.0,5.0,4.0,11.0,39.0,102.0,0.0,56.0,15.0
22,2026,3,25.0,61.0,249.0,5.0,2.0,43.0,30.0,14.0,1.0,0.0,31.0,0.0,0.0,0.0,0.0,48.0,21.0,1.0,233.0,4.0,0.0,1.0,6.0,6.0,4.0,13.0,45.0,165.0,0.0,80.0,22.0
22,2026,4,17.0,54.0,253.0,5.0,6.0,28.0,9.0,10.0,1.0,0.0,28.0,0.0,0.0,0.0,0.0,63.0,19.0,1.0,219.0,2.0,0.0,1.0,4.0,2.0,11.0,24.0,58.0,172.0,0.0,100.0,25.0
24,2024,1,15.0,31.0,94.0,6.0,6.0,12.0,5.0,2.0,1.0,0.0,21.0,0.0,2.0,0.0,1.0,59.0,155.0,1.0,112.0,1.0,4.0,0.0,2.0,10.0,18.0,22.0,32.0,130.0,0.0,48.0,13.0
24,2024,2,13.0,19.0,125.0,7.0,3.0,6.0,1.0,8.0,2.0,0.0,30.0,0.0,2.0,0.0,1.0,36.0,101.0,1.0,107.0,3.0,2.0,0.0,5.0,17.0,9.0,25.0,17.0,138.0,0.0,48.0,19.0
24,2024,3,17.0,15.0,108.0,6.0,4.0,11.0,1.0,11.0,0.0,0.0,31.0,0.0,2.0,0.0,1.0,34.0,115.0,1.0,110.0,4.0,6.0,0.0,3.0,16.0,10.0,18.0,25.0,143.0,0.0,60.0,13.0
24,2024,4,13.0,21.0,91.0,8.0,3.0,9.0,2.0,4.0,0.0,0.0,27.0,0.0,3.0,0.0,1.0,48.0,83.0,0.0,122.0,7.0,6.0,1.0,3.0,18.0,15.0,17.0,27.0,122.0,0.0,55.0,25.0
24,2024,5,16.0,34.0,72.0,10.0,9.0,9.0,4.0,13.0,0.0,0.0,25.0,1.0,0.0,0.0,0.0,55.0,94.0,0.0,132.0,4.0,0.0,1.0,2.0,13.0,13.0,22.0,22.0,160.0,0.0,55.0,32.0
24,2024,6,11.0,38.0,80.0,4.0,6.0,17.0,2.0,9.0,2.0,1.0,143.0,0.0,1.0,0.0,0.0,51.0,95.0,0.0,112.0,4.0,0.0,0.0,1.0,12.0,9.0,20.0,32.0,163.0,0.0,69.0,14.0
24,2024,7,22.0,47.0,154.0,8.0,6.0,14.0,5.0,22.0,0.0,0.0,119.0,0.0,3.0,0.0,1.0,70.0,119.0,0.0,125.0,2.0,6.0,0.0,3.0,14.0,9.0,22.0,22.0,157.0,0.0,58.0,25.0
24,2024,8,17.0,51.0,88.0,4.0,5.0,12.0,4.0,14.0,0.0,1.0,72.0,0.0,3.0,0.0,0.0,82.0,108.0,0.0,135.0,2.0,21.0,0.0,1.0,27.0,13.0,26.0,33.0,148.0,0.0,61.0,13.0
24,2024,9,31.0,37.0,88.0,3.0,11.0,21.0,4.0,10.0,2.0,1.0,32.0,0.0,0.0,0.0,0.0,61.0,137.0,1.0,137.0,7.0,12.0,0.0,1.0,15.0,13.0,31.0,24.0,127.0,0.0,50.0,19.0
24,2024,10,11.0,34.0,140.0,4.0,8.0,14.0,4.0,8.0,2.0,0.0,34.0,0.0,2.0,0.0,1.0,61.0,151.0,1.0,124.0,3.0,25.0,0.0,6.0,13.0,12.0,26.0,35.0,140.0,0.0,59.0,12.0
24,2024,11,14.0,34.0,84.0,6.0,9.0,10.0,1.0,5.0,2.0,0.0,42.0,0.0,4.0,0.0,1.0,61.0,92.0,0.0,104.0,6.0,8.0,0.0,4.0,12.0,7.0,19.0,18.0,112.0,0.0,54.0,16.0
24,2024,12,6.0,25.0,77.0,2.0,9.0,16.0,1.0,7.0,3.0,0.0,56.0,0.0,1.0,0.0,1.0,40.0,98.0,2.0,132.0,2.0,1.0,0.0,2.0,11.0,11.0,15.0,14.0,123.0,0.0,59.0,28.0
24,2025,1,8.0,23.0,87.0,9.0,7.0,12.0,3.0,8.0,3.0,0.0,26.0,0.0,2.0,0.0,0.0,43.0,97.0,0.0,112.0,7.0,4.0,2.0,1.0,12.0,7.0,17.0,26.0,127.0,1.0,41.0,19.0
24,2025,2,11.0,30.0,114.0,2.0,6.0,5.0,6.0,7.0,1.0,0.0,41.0,0.0,0.0,0.0,0.0,38.0,85.0,0.0,99.0,3.0,0.0,1.0,3.0,12.0,6.0,15.0,11.0,91.0,0.0,43.0,16.0
24,2025,3,11.0,30.0,118.0,7.0,8.0,12.0,30.0,9.0,2.0,0.0,20.0,0.0,2.0,0.0,0.0,33.0,77.0,1.0,94.0,1.0,1.0,1.0,3.0,4.0,3.0,15.0,30.0,121.0,0.0,46.0,11.0
24,2025,4,20.0,38.0,177.0,3.0,9.0,6.0,24.0,5.0,0.0,0.0,27.0,0.0,1.0,0.0,1.0,43.0,119.0,0.0,108.0,6.0,0.0,1.0,3.0,5.0,9.0,14.0,36.0,160.0,0.0,65.0,15.0
24,2025,5,16.0,34.0,263.0,7.0,8.0,15.0,25.0,6.0,1.0,0.0,25.0,0.0,4.0,0.0,0.0,60.0,110.0,1.0,111.0,4.0,8.0,0.0,1.0,6.0,7.0,11.0,33.0,170.0,1.0,69.0,20.0
24,2025,6,20.0,38.0,218.0,3.0,14.0,20.0,35.0,4.0,0.0,0.0,86.0,0.0,3.0,0.0,0.0,64.0,77.0,1.0,108.0,3.0,3.0,4.0,3.0,8.0,9.0,16.0,33.0,193.0,7.0,61.0,19.0
24,2025,7,14.0,40.0,205.0,8.0,20.0,19.0,27.0,4.0,1.0,0.0,80.0,0.0,2.0,0.0,0.0,67.0,66.0,0.0,110.0,2.0,3.0,2.0,2.0,9.0,11.0,15.0,27.0,187.0,5.0,49.0,31.0
24,2025,8,14.0,41.0,206.0,2.0,12.0,22.0,50.0,3.0,0.0,0.0,67.0,0.0,1.0,0.0,0.0,93.0,102.0,1.0,107.0,2.0,6.0,8.0,7.0,12.0,3.0,26.0,35.0,174.0,9.0,61.0,24.0
24,2025,9,17.0,47.0,314.0,5.0,9.0,25.0,22.0,10.0,1.0,1.0,28.0,0.0,2.0,0.0,0.0,82.0,86.0,1.0,138.0,1.0,3.0,2.0,5.0,10.0,7.0,15.0,29.0,179.0,6.0,60.0,14.0
24,2025,10,13.0,32.0,284.0,3.0,5.0,18.0,22.0,4.0,0.0,0.0,48.0,0.0,2.0,0.0,0.0,72.0,68.0,0.0,118.0,2.0,11.0,7.0,7.0,5.0,8.0,19.0,31.0,209.0,1.0,66.0,22.0
24,2025,11,14.0,37.0,193.0,3.0,6.0,17.0,19.0,6.0,0.0,0.0,21.0,0.0,2.0,0.0,0.0,44.0,79.0,0.0,107.0,0.0,0.0,8.0,3.0,10.0,4.0,13.0,26.0,166.0,0.0,48.0,21.0
24,2025,12,10.0,31.0,160.0,7.0,6.0,11.0,22.0,12.0,0.0,0.0,31.0,0.0,0.0,0.0,0.0,30.0,48.0,1.0,123.0,3.0,9.0,4.0,4.0,6.0,8.0,14.0,20.0,156.0,0.0,54.0,17.0
24,2026,1,10.0,26.0,136.0,3.0,8.0,9.0,19.0,8.0,1.0,0.0,18.0,0.0,2.0,0.0,0.0,48.0,63.0,1.0,107.0,2.0,1.0,5.0,2.0,4.0,5.0,8.0,24.0,170.0,0.0,48.0,27.0
24,2026,2,5.0,17.0,129.0,9.0,6.0,8.0,19.0,6.0,0.0,1.0,27.0,0.0,0.0,0.0,0.0,36.0,49.0,0.0,105.0,0.0,3.0,0.0,2.0,7.0,7.0,18.0,16.0,148.0,0.0,37.0,25.0
24,2026,3,10.0,30.0,213.0,4.0,4.0,17.0,38.0,5.0,0.0,1.0,26.0,0.0,0.0,0.0,0.0,44.0,61.0,0.0,143.0,4.0,0.0,10.0,4.0,8.0,2.0,15.0,20.0,171.0,43.0,69.0,22.0
24,2026,4,18.0,42.0,242.0,4.0,7.0,13.0,48.0,9.0,2.0,0.0,16.0,0.0,4.0,0.0,1.0,53.0,69.0,0.0,152.0,3.0,6.0,39.0,5.0,6.0,2.0,23.0,24.0,151.0,153.0,64.0,21.0
25,2024,1,28.0,38.0,165.0,3.0,15.0,13.0,0.0,6.0,1.0,1.0,40.0,0.0,1.0,0.0,3.0,48.0,51.0,0.0,143.0,21.0,3.0,0.0,2.0,13.0,19.0,14.0,25.0,98.0,0.0,57.0,23.0
25,2024,2,15.0,30.0,191.0,7.0,12.0,17.0,4.0,4.0,0.0,2.0,40.0,0.0,2.0,0.0,1.0,47.0,51.0,1.0,115.0,17.0,4.0,0.0,2.0,3.0,13.0,17.0,19.0,80.0,0.0,63.0,26.0
25,2024,3,23.0,34.0,106.0,4.0,9.0,11.0,0.0,3.0,0.0,0.0,28.0,0.0,2.0,0.0,1.0,35.0,41.0,0.0,130.0,23.0,8.0,0.0,3.0,12.0,10.0,13.0,24.0,123.0,0.0,52.0,27.0
25,2024,4,26.0,29.0,116.0,3.0,15.0,15.0,1.0,7.0,0.0,0.0,28.0,0.0,2.0,0.0,0.0,33.0,43.0,0.0,149.0,22.0,7.0,0.0,4.0,8.0,15.0,17.0,36.0,121.0,0.0,66.0,28.0
25,2024,5,22.0,37.0,207.0,8.0,16.0,14.0,3.0,17.0,1.0,0.0,29.0,0.0,1.0,0.0,2.0,48.0,18.0,3.0,167.0,45.0,17.0,2.0,3.0,8.0,10.0,15.0,39.0,144.0,0.0,52.0,32.0
25,2024,6,27.0,45.0,153.0,8.0,6.0,17.0,1.0,36.0,0.0,0.0,34.0,0.0,2.0,0.0,3.0,83.0,19.0,0.0,163.0,29.0,4.0,0.0,5.0,8.0,11.0,21.0,34.0,118.0,0.0,72.0,30.0
25,2024,7,24.0,48.0,154.0,8.0,4.0,18.0,3.0,17.0,0.0,1.0,40.0,0.0,2.0,0.0,3.0,60.0,43.0,1.0,155.0,31.0,4.0,4.0,2.0,9.0,11.0,25.0,44.0,110.0,0.0,66.0,30.0
25,2024,8,30.0,47.0,215.0,6.0,16.0,17.0,7.0,30.0,0.0,0.0,48.0,0.0,5.0,0.0,1.0,68.0,27.0,0.0,132.0,57.0,4.0,0.0,4.0,10.0,10.0,14.0,25.0,116.0,0.0,63.0,17.0
25,2024,9,28.0,38.0,167.0,6.0,14.0,19.0,0.0,29.0,0.0,0.0,34.0,0.0,4.0,0.0,2.0,52.0,24.0,0.0,147.0,31.0,0.0,0.0,4.0,9.0,13.0,17.0,26.0,113.0,0.0,71.0,23.0
25,2024,10,23.0,55.0,216.0,7.0,11.0,22.0,3.0,4.0,0.0,0.0,42.0,0.0,2.0,0.0,0.0,39.0,25.0,1.0,131.0,25.0,0.0,0.0,3.0,10.0,17.0,20.0,46.0,111.0,0.0,65.0,23.0
25,2024,11,24.0,50.0,163.0,5.0,5.0,13.0,3.0,6.0,0.0,0.0,33.0,0.0,1.0,0.0,1.0,40.0,30.0,0.0,133.0,38.0,0.0,0.0,5.0,14.0,12.0,20.0,31.0,127.0,1.0,57.0,17.0
25,2024,12,21.0,33.0,136.0,6.0,8.0,12.0,2.0,10.0,0.0,0.0,49.0,0.0,4.0,0.0,1.0,48.0,30.0,0.0,103.0,22.0,0.0,0.0,3.0,10.0,8.0,13.0,29.0,102.0,0.0,50.0,13.0
25,2025,1,17.0,29.0,193.0,7.0,7.0,17.0,3.0,5.0,0.0,0.0,52.0,0.0,2.0,0.0,1.0,41.0,32.0,0.0,124.0,35.0,3.0,0.0,1.0,7.0,14.0,8.0,18.0,113.0,0.0,50.0,35.0
25,2025,2,18.0,28.0,165.0,6.0,7.0,9.0,3.0,7.0,0.0,0.0,42.0,0.0,1.0,0.0,0.0,44.0,29.0,0.0,108.0,39.0,2.0,0.0,2.0,6.0,11.0,20.0,27.0,98.0,0.0,40.0,17.0
25,2025,3,20.0,28.0,217.0,5.0,3.0,13.0,2.0,5.0,2.0,0.0,29.0,0.0,3.0,0.0,0.0,38.0,27.0,0.0,113.0,36.0,0.0,0.0,2.0,4.0,7.0,12.0,29.0,94.0,0.0,42.0,18.0
25,2025,4,18.0,40.0,230.0,3.0,2.0,8.0,5.0,7.0,0.0,0.0,28.0,0.0,1.0,0.0,1.0,43.0,14.0,0.0,144.0,45.0,0.0,0.0,7.0,7.0,8.0,9.0,39.0,97.0,0.0,67.0,16.0
25,2025,5,17.0,44.0,200.0,4.0,4.0,15.0,3.0,14.0,0.0,0.0,36.0,0.0,6.0,0.0,1.0,49.0,18.0,1.0,145.0,33.0,6.0,0.0,6.0,13.0,12.0,12.0,34.0,102.0,0.0,52.0,10.0
25,2025,6,22.0,45.0,217.0,5.0,5.0,17.0,1.0,1.0,1.0,0.0,42.0,0.0,1.0,0.0,0.0,47.0,13.0,0.0,139.0,28.0,3.0,0.0,4.0,10.0,9.0,11.0,41.0,100.0,0.0,58.0,22.0
25,2025,7,28.0,48.0,182.0,4.0,9.0,23.0,2.0,3.0,1.0,0.0,34.0,0.0,1.0,0.0,0.0,65.0,18.0,0.0,161.0,7.0,15.0,0.0,2.0,15.0,10.0,20.0,25.0,101.0,0.0,72.0,21.0
25,2025,8,14.0,42.0,209.0,6.0,10.0,21.0,3.0,6.0,0.0,1.0,26.0,0.0,2.0,0.0,0.0,77.0,20.0,1.0,157.0,22.0,3.0,0.0,7.0,5.0,7.0,18.0,30.0,91.0,0.0,62.0,21.0
25,2025,9,10.0,55.0,284.0,5.0,5.0,16.0,3.0,6.0,0.0,0.0,15.0,0.0,2.0,0.0,2.0,64.0,23.0,3.0,153.0,9.0,5.0,0.0,9.0,5.0,6.0,6.0,38.0,96.0,0.0,70.0,11.0
25,2025,10,18.0,39.0,296.0,9.0,13.0,15.0,7.0,5.0,2.0,0.0,33.0,0.0,0.0,0.0,0.0,52.0,30.0,0.0,120.0,32.0,0.0,0.0,8.0,5.0,10.0,18.0,43.0,105.0,0.0,61.0,23.0
25,2025,11,20.0,43.0,221.0,7.0,4.0,12.0,0.0,5.0,0.0,0.0,23.0,0.0,2.0,0.0,0.0,39.0,21.0,1.0,144.0,33.0,9.0,0.0,4.0,4.0,7.0,13.0,48.0,115.0,0.0,66.0,9.0
25,2025,12,18.0,41.0,234.0,9.0,7.0,12.0,8.0,11.0,0.0,0.0,28.0,0.0,4.0,0.0,0.0,56.0,21.0,2.0,127.0,37.0,2.0,0.0,7.0,2.0,8.0,10.0,30.0,95.0,0.0,70.0,13.0
25,2026,1,16.0,35.0,219.0,3.0,4.0,8.0,2.0,6.0,0.0,0.0,19.0,0.0,0.0,0.0,3.0,47.0,14.0,0.0,136.0,36.0,3.0,0.0,5.0,5.0,7.0,10.0,24.0,79.0,0.0,52.0,22.0
25,2026,2,12.0,34.0,225.0,3.0,3.0,8.0,1.0,6.0,0.0,0.0,24.0,0.0,1.0,0.0,0.0,28.0,29.0,0.0,113.0,20.0,3.0,0.0,6.0,5.0,4.0,10.0,31.0,74.0,0.0,49.0,11.0
25,2026,3,19.0,32.0,228.0,3.0,1.0,14.0,9.0,6.0,0.0,0.0,32.0,0.0,0.0,0.0,0.0,57.0,24.0,2.0,135.0,27.0,6.0,2.0,6.0,8.0,7.0,20.0,34.0,109.0,2.0,61.0,20.0
25,2026,4,11.0,46.0,186.0,7.0,7.0,15.0,5.0,2.0,0.0,0.0,38.0,0.0,2.0,0.0,0.0,52.0,43.0,0.0,174.0,44.0,3.0,0.0,4.0,7.0,6.0,14.0,40.0,108.0,6.0,61.0,22.0
26,2024,1,7.0,14.0,25.0,1.0,24.0,26.0,1.0,2.0,0.0,0.0,15.0,0.0,0.0,0.0,0.0,69.0,3.0,0.0,64.0,3.0,1.0,0.0,2.0,2.0,7.0,9.0,59.0,99.0,0.0,49.0,11.0
26,2024,2,6.0,12.0,63.0,1.0,1.0,20.0,0.0,4.0,1.0,0.0,29.0,0.0,0.0,0.0,0.0,85.0,3.0,3.0,72.0,6.0,0.0,0.0,1.0,1.0,4.0,11.0,44.0,70.0,0.0,42.0,4.0
26,2024,3,7.0,14.0,45.0,3.0,13.0,26.0,0.0,6.0,0.0,0.0,32.0,0.0,1.0,0.0,0.0,68.0,2.0,0.0,87.0,2.0,0.0,0.0,0.0,2.0,5.0,7.0,71.0,110.0,0.0,51.0,4.0
26,2024,4,14.0,15.0,43.0,2.0,12.0,15.0,0.0,6.0,0.0,0.0,18.0,0.0,1.0,0.0,0.0,78.0,5.0,0.0,78.0,3.0,0.0,4.0,4.0,6.0,4.0,6.0,84.0,102.0,0.0,52.0,4.0
26,2024,5,9.0,16.0,34.0,4.0,11.0,23.0,2.0,3.0,0.0,1.0,30.0,0.0,0.0,0.0,1.0,71.0,1.0,0.0,85.0,5.0,3.0,0.0,1.0,2.0,6.0,9.0,111.0,108.0,0.0,56.0,7.0
26,2024,6,7.0,17.0,33.0,6.0,7.0,20.0,0.0,5.0,0.0,1.0,40.0,0.0,2.0,0.0,1.0,76.0,2.0,0.0,80.0,2.0,5.0,0.0,0.0,5.0,10.0,7.0,134.0,129.0,0.0,65.0,6.0
26,2024,7,7.0,26.0,61.0,2.0,13.0,20.0,1.0,3.0,0.0,0.0,66.0,0.0,1.0,0.0,0.0,81.0,3.0,0.0,66.0,2.0,2.0,1.0,4.0,9.0,15.0,11.0,70.0,110.0,0.0,48.0,7.0
26,2024,8,11.0,20.0,31.0,3.0,13.0,12.0,2.0,6.0,1.0,1.0,36.0,0.0,2.0,0.0,0.0,89.0,2.0,0.0,73.0,4.0,0.0,1.0,2.0,3.0,10.0,18.0,74.0,123.0,0.0,74.0,7.0
26,2024,9,8.0,19.0,40.0,3.0,11.0,16.0,1.0,1.0,0.0,0.0,31.0,0.0,1.0,0.0,0.0,82.0,3.0,0.0,87.0,2.0,8.0,0.0,4.0,8.0,9.0,10.0,55.0,120.0,0.0,47.0,7.0
26,2024,10,10.0,20.0,42.0,5.0,10.0,22.0,1.0,2.0,0.0,1.0,25.0,0.0,0.0,0.0,0.0,115.0,5.0,0.0,83.0,1.0,5.0,1.0,0.0,14.0,7.0,13.0,78.0,136.0,0.0,50.0,6.0
26,2024,11,5.0,6.0,50.0,3.0,11.0,24.0,0.0,2.0,0.0,0.0,15.0,0.0,1.0,0.0,0.0,94.0,4.0,0.0,78.0,5.0,1.0,0.0,2.0,4.0,4.0,8.0,38.0,129.0,0.0,47.0,6.0
26,2024,12,7.0,12.0,28.0,5.0,6.0,7.0,1.0,5.0,1.0,1.0,26.0,1.0,1.0,0.0,0.0,68.0,6.0,0.0,66.0,2.0,3.0,0.0,2.0,5.0,6.0,9.0,46.0,109.0,0.0,41.0,8.0
26,2025,1,5.0,18.0,34.0,4.0,13.0,21.0,2.0,1.0,0.0,0.0,20.0,0.0,0.0,0.0,0.0,55.0,6.0,0.0,80.0,0.0,0.0,0.0,1.0,5.0,5.0,11.0,44.0,117.0,0.0,49.0,7.0
26,2025,2,10.0,13.0,28.0,2.0,13.0,15.0,4.0,3.0,0.0,0.0,23.0,0.0,0.0,0.0,0.0,56.0,7.0,0.0,58.0,1.0,0.0,1.0,1.0,2.0,6.0,8.0,44.0,101.0,0.0,38.0,9.0
26,2025,3,8.0,13.0,35.0,1.0,10.0,9.0,0.0,2.0,1.0,0.0,22.0,0.0,1.0,0.0,0.0,73.0,2.0,0.0,70.0,3.0,2.0,2.0,1.0,9.0,1.0,9.0,39.0,72.0,0.0,45.0,6.0
26,2025,4,7.0,15.0,32.0,2.0,16.0,18.0,4.0,3.0,1.0,1.0,16.0,0.0,0.0,0.0,0.0,67.0,2.0,1.0,89.0,2.0,0.0,0.0,1.0,5.0,6.0,5.0,54.0,114.0,0.0,45.0,4.0
26,2025,5,7.0,25.0,48.0,5.0,8.0,9.0,4.0,4.0,2.0,0.0,20.0,0.0,2.0,0.0,0.0,91.0,1.0,0.0,83.0,4.0,2.0,0.0,2.0,4.0,6.0,9.0,69.0,123.0,0.0,46.0,6.0
26,2025,6,9.0,20.0,35.0,2.0,9.0,19.0,1.0,1.0,0.0,0.0,65.0,0.0,0.0,0.0,0.0,120.0,2.0,0.0,89.0,3.0,6.0,0.0,0.0,6.0,7.0,5.0,88.0,107.0,0.0,81.0,4.0
26,2025,7,6.0,15.0,37.0,0.0,9.0,23.0,2.0,1.0,1.0,0.0,42.0,0.0,1.0,0.0,0.0,120.0,2.0,0.0,95.0,8.0,3.0,0.0,7.0,8.0,13.0,8.0,105.0,133.0,0.0,67.0,14.0
26,2025,8,6.0,15.0,31.0,0.0,12.0,23.0,4.0,2.0,1.0,1.0,50.0,0.0,1.0,0.0,0.0,115.0,3.0,0.0,73.0,5.0,0.0,0.0,3.0,7.0,8.0,11.0,94.0,110.0,0.0,54.0,17.0
26,2025,9,7.0,13.0,56.0,3.0,20.0,9.0,0.0,3.0,0.0,1.0,29.0,0.0,0.0,0.0,0.0,108.0,9.0,1.0,106.0,2.0,12.0,0.0,2.0,0.0,8.0,14.0,103.0,135.0,0.0,68.0,11.0
26,2025,10,7.0,23.0,40.0,5.0,11.0,15.0,1.0,5.0,0.0,0.0,25.0,0.0,0.0,0.0,0.0,101.0,3.0,0.0,100.0,4.0,13.0,2.0,1.0,3.0,5.0,9.0,106.0,144.0,0.0,60.0,5.0
26,2025,11,3.0,18.0,44.0,2.0,5.0,16.0,3.0,0.0,0.0,0.0,18.0,0.0,0.0,0.0,0.0,72.0,10.0,1.0,86.0,0.0,0.0,1.0,2.0,5.0,5.0,9.0,80.0,124.0,1.0,44.0,2.0
26,2025,12,6.0,26.0,38.0,1.0,11.0,11.0,1.0,1.0,0.0,0.0,22.0,0.0,0.0,0.0,0.0,92.0,8.0,0.0,91.0,1.0,0.0,0.0,1.0,7.0,7.0,10.0,60.0,110.0,0.0,58.0,3.0
26,2026,1,5.0,15.0,25.0,2.0,3.0,12.0,4.0,1.0,1.0,0.0,16.0,0.0,0.0,0.0,0.0,54.0,4.0,0.0,79.0,2.0,2.0,0.0,3.0,2.0,4.0,5.0,41.0,98.0,0.0,43.0,7.0
26,2026,2,3.0,10.0,33.0,1.0,8.0,9.0,0.0,0.0,1.0,0.0,18.0,0.0,0.0,0.0,1.0,65.0,6.0,0.0,73.0,1.0,0.0,0.0,2.0,1.0,1.0,3.0,40.0,82.0,0.0,30.0,11.0
26,2026,3,9.0,13.0,45.0,2.0,6.0,10.0,6.0,4.0,0.0,0.0,17.0,0.0,1.0,0.0,0.0,67.0,5.0,1.0,104.0,9.0,6.0,5.0,3.0,4.0,4.0,6.0,54.0,110.0,3.0,63.0,5.0
26,2026,4,5.0,18.0,41.0,3.0,5.0,7.0,3.0,4.0,0.0,0.0,23.0,0.0,2.0,0.0,0.0,74.0,3.0,0.0,97.0,1.0,8.0,1.0,2.0,4.0,5.0,8.0,48.0,103.0,11.0,49.0,10.0
35,2024,1,16.0,29.0,53.0,4.0,3.0,16.0,0.0,0.0,1.0,1.0,38.0,0.0,5.0,0.0,0.0,70.0,3.0,1.0,127.0,5.0,0.0,0.0,2.0,1.0,18.0,15.0,33.0,108.0,1.0,69.0,16.0
35,2024,2,22.0,21.0,39.0,3.0,1.0,14.0,0.0,2.0,0.0,1.0,51.0,0.0,3.0,0.0,0.0,79.0,1.0,1.0,136.0,3.0,0.0,0.0,1.0,5.0,7.0,11.0,25.0,76.0,0.0,72.0,14.0
35,2024,3,21.0,25.0,53.0,1.0,3.0,9.0,1.0,1.0,1.0,1.0,50.0,0.0,2.0,0.0,0.0,74.0,5.0,1.0,118.0,1.0,0.0,0.0,6.0,6.0,6.0,7.0,23.0,110.0,0.0,75.0,19.0
35,2024,4,10.0,31.0,83.0,7.0,1.0,10.0,0.0,2.0,0.0,1.0,39.0,7.0,2.0,0.0,2.0,76.0,8.0,2.0,147.0,3.0,0.0,0.0,4.0,5.0,5.0,9.0,36.0,118.0,0.0,57.0,13.0
35,2024,5,16.0,27.0,72.0,5.0,2.0,19.0,0.0,3.0,2.0,2.0,37.0,8.0,1.0,0.0,1.0,96.0,8.0,0.0,169.0,3.0,0.0,0.0,2.0,4.0,7.0,17.0,27.0,131.0,0.0,66.0,12.0
35,2024,6,18.0,24.0,89.0,8.0,4.0,12.0,0.0,2.0,1.0,2.0,54.0,2.0,0.0,0.0,0.0,75.0,14.0,1.0,144.0,10.0,0.0,0.0,1.0,4.0,16.0,14.0,26.0,94.0,0.0,87.0,8.0
35,2024,7,20.0,42.0,87.0,3.0,1.0,9.0,1.0,6.0,0.0,0.0,51.0,1.0,1.0,0.0,0.0,117.0,14.0,0.0,137.0,4.0,0.0,0.0,9.0,11.0,14.0,14.0,47.0,124.0,0.0,82.0,19.0
35,2024,8,15.0,40.0,70.0,6.0,5.0,15.0,3.0,6.0,0.0,3.0,56.0,0.0,5.0,0.0,1.0,95.0,9.0,4.0,133.0,9.0,0.0,0.0,5.0,6.0,13.0,18.0,37.0,91.0,0.0,90.0,23.0
35,2024,9,18.0,42.0,73.0,10.0,3.0,13.0,2.0,6.0,0.0,0.0,44.0,0.0,0.0,0.0,0.0,80.0,16.0,1.0,160.0,7.0,0.0,0.0,3.0,7.0,13.0,17.0,43.0,109.0,0.0,93.0,20.0
35,2024,10,9.0,25.0,70.0,6.0,1.0,17.0,0.0,9.0,1.0,1.0,32.0,3.0,2.0,0.0,0.0,92.0,8.0,0.0,154.0,4.0,0.0,0.0,1.0,7.0,12.0,8.0,37.0,136.0,0.0,57.0,18.0
35,2024,11,21.0,30.0,69.0,5.0,2.0,13.0,1.0,7.0,1.0,1.0,43.0,3.0,1.0,0.0,0.0,82.0,10.0,1.0,156.0,6.0,0.0,0.0,4.0,12.0,9.0,13.0,36.0,100.0,0.0,68.0,19.0
35,2024,12,16.0,28.0,60.0,8.0,1.0,16.0,0.0,1.0,0.0,0.0,32.0,2.0,1.0,0.0,1.0,92.0,4.0,2.0,129.0,5.0,0.0,0.0,0.0,7.0,11.0,11.0,28.0,89.0,0.0,61.0,20.0
35,2025,1,15.0,18.0,63.0,2.0,3.0,15.0,5.0,3.0,0.0,0.0,52.0,0.0,0.0,0.0,0.0,69.0,9.0,0.0,112.0,2.0,0.0,0.0,7.0,4.0,12.0,11.0,14.0,102.0,0.0,66.0,19.0
35,2025,2,10.0,28.0,53.0,0.0,5.0,9.0,2.0,10.0,0.0,0.0,46.0,0.0,1.0,0.0,0.0,56.0,8.0,0.0,90.0,2.0,0.0,0.0,1.0,2.0,9.0,10.0,20.0,85.0,0.0,53.0,11.0
35,2025,3,13.0,15.0,73.0,3.0,6.0,15.0,0.0,4.0,1.0,1.0,44.0,0.0,2.0,0.0,0.0,68.0,11.0,0.0,100.0,4.0,0.0,0.0,4.0,10.0,5.0,9.0,26.0,78.0,0.0,42.0,16.0
35,2025,4,8.0,33.0,74.0,3.0,3.0,8.0,0.0,6.0,2.0,0.0,50.0,0.0,0.0,0.0,0.0,53.0,10.0,0.0,153.0,4.0,0.0,0.0,3.0,3.0,6.0,8.0,46.0,108.0,0.0,57.0,13.0
35,2025,5,14.0,30.0,71.0,2.0,4.0,20.0,1.0,1.0,1.0,0.0,43.0,0.0,2.0,0.0,0.0,77.0,13.0,1.0,144.0,2.0,0.0,1.0,3.0,4.0,8.0,13.0,40.0,106.0,0.0,61.0,17.0
35,2025,6,13.0,34.0,61.0,0.0,1.0,9.0,0.0,2.0,0.0,0.0,64.0,3.0,1.0,0.0,0.0,94.0,12.0,2.0,147.0,6.0,0.0,0.0,6.0,6.0,10.0,14.0,43.0,93.0,1.0,79.0,13.0
35,2025,7,17.0,52.0,73.0,5.0,5.0,19.0,1.0,5.0,0.0,3.0,53.0,0.0,0.0,0.0,1.0,102.0,28.0,0.0,147.0,3.0,0.0,0.0,4.0,6.0,14.0,16.0,54.0,105.0,0.0,60.0,9.0
35,2025,8,10.0,40.0,72.0,4.0,0.0,16.0,1.0,3.0,0.0,0.0,49.0,0.0,4.0,0.0,0.0,87.0,25.0,3.0,156.0,3.0,0.0,0.0,5.0,9.0,10.0,13.0,40.0,97.0,2.0,85.0,16.0
35,2025,9,20.0,34.0,81.0,3.0,2.0,10.0,0.0,4.0,1.0,0.0,28.0,0.0,0.0,0.0,1.0,99.0,32.0,1.0,171.0,1.0,0.0,0.0,3.0,9.0,12.0,13.0,53.0,104.0,0.0,91.0,13.0
35,2025,10,14.0,38.0,57.0,4.0,2.0,13.0,0.0,1.0,1.0,0.0,41.0,0.0,2.0,0.0,0.0,92.0,22.0,0.0,136.0,3.0,0.0,0.0,2.0,12.0,7.0,10.0,55.0,104.0,0.0,72.0,13.0
35,2025,11,18.0,39.0,48.0,2.0,1.0,19.0,7.0,2.0,0.0,0.0,36.0,0.0,3.0,0.0,1.0,96.0,28.0,0.0,136.0,0.0,0.0,0.0,5.0,6.0,11.0,12.0,17.0,84.0,0.0,72.0,13.0
35,2025,12,3.0,36.0,45.0,2.0,1.0,14.0,3.0,4.0,0.0,0.0,34.0,0.0,3.0,0.0,0.0,48.0,31.0,0.0,137.0,3.0,0.0,0.0,7.0,8.0,5.0,11.0,16.0,97.0,1.0,47.0,13.0
35,2026,1,8.0,27.0,52.0,4.0,2.0,7.0,1.0,3.0,1.0,0.0,26.0,0.0,0.0,0.0,0.0,70.0,23.0,0.0,117.0,4.0,0.0,0.0,5.0,8.0,6.0,9.0,26.0,104.0,2.0,54.0,17.0
35,2026,2,7.0,26.0,42.0,0.0,1.0,11.0,2.0,6.0,2.0,2.0,28.0,0.0,0.0,0.0,0.0,49.0,16.0,0.0,135.0,1.0,0.0,0.0,2.0,4.0,7.0,8.0,21.0,68.0,0.0,45.0,6.0
35,2026,3,5.0,28.0,76.0,1.0,0.0,9.0,3.0,3.0,0.0,1.0,32.0,0.0,0.0,0.0,0.0,73.0,27.0,0.0,117.0,2.0,0.0,0.0,4.0,5.0,6.0,13.0,30.0,93.0,0.0,65.0,11.0
35,2026,4,15.0,26.0,61.0,2.0,4.0,10.0,8.0,2.0,0.0,0.0,42.0,0.0,0.0,0.0,0.0,73.0,30.0,0.0,134.0,3.0,0.0,0.0,5.0,7.0,8.0,13.0,28.0,98.0,0.0,70.0,14.0
39,2024,1,18.0,21.0,66.0,3.0,3.0,12.0,1.0,3.0,2.0,0.0,30.0,0.0,0.0,0.0,0.0,62.0,7.0,1.0,99.0,3.0,0.0,0.0,3.0,5.0,4.0,5.0,32.0,161.0,0.0,60.0,24.0
39,2024,2,24.0,28.0,88.0,4.0,6.0,12.0,0.0,2.0,1.0,2.0,12.0,0.0,4.0,0.0,0.0,46.0,10.0,0.0,129.0,2.0,0.0,0.0,2.0,10.0,5.0,10.0,36.0,129.0,0.0,52.0,15.0
39,2024,3,8.0,29.0,106.0,1.0,3.0,12.0,0.0,3.0,1.0,1.0,34.0,0.0,1.0,0.0,1.0,45.0,6.0,1.0,116.0,4.0,0.0,0.0,5.0,6.0,7.0,7.0,37.0,186.0,0.0,60.0,22.0
39,2024,4,15.0,26.0,80.0,2.0,9.0,19.0,0.0,5.0,1.0,1.0,35.0,0.0,0.0,0.0,0.0,52.0,4.0,1.0,122.0,4.0,0.0,0.0,4.0,5.0,9.0,14.0,45.0,140.0,0.0,63.0,18.0
39,2024,5,29.0,29.0,98.0,1.0,5.0,13.0,2.0,3.0,0.0,0.0,39.0,0.0,1.0,0.0,1.0,59.0,5.0,0.0,131.0,7.0,0.0,0.0,5.0,7.0,10.0,12.0,34.0,145.0,0.0,69.0,32.0
39,2024,6,20.0,44.0,117.0,3.0,8.0,33.0,0.0,2.0,0.0,0.0,30.0,0.0,0.0,0.0,0.0,58.0,5.0,1.0,150.0,3.0,0.0,0.0,0.0,3.0,8.0,9.0,46.0,128.0,0.0,83.0,21.0
39,2024,7,21.0,38.0,105.0,4.0,8.0,22.0,0.0,3.0,1.0,0.0,39.0,0.0,0.0,0.0,0.0,74.0,2.0,1.0,160.0,1.0,2.0,0.0,3.0,5.0,11.0,12.0,62.0,146.0,0.0,80.0,31.0
39,2024,8,16.0,40.0,95.0,6.0,10.0,22.0,0.0,2.0,2.0,1.0,37.0,0.0,0.0,0.0,3.0,75.0,2.0,0.0,124.0,1.0,0.0,0.0,2.0,9.0,11.0,10.0,50.0,146.0,1.0,79.0,22.0
39,2024,9,18.0,29.0,126.0,3.0,10.0,19.0,3.0,3.0,0.0,0.0,47.0,0.0,1.0,0.0,0.0,58.0,5.0,0.0,137.0,5.0,0.0,0.0,4.0,5.0,5.0,21.0,46.0,147.0,0.0,76.0,24.0
39,2024,10,12.0,27.0,92.0,1.0,7.0,28.0,0.0,0.0,0.0,2.0,34.0,0.0,2.0,0.0,0.0,61.0,3.0,1.0,141.0,4.0,0.0,0.0,4.0,7.0,12.0,15.0,57.0,161.0,0.0,74.0,28.0
39,2024,11,14.0,24.0,54.0,3.0,4.0,23.0,1.0,2.0,0.0,1.0,38.0,4.0,2.0,0.0,0.0,67.0,2.0,0.0,132.0,3.0,0.0,0.0,2.0,7.0,14.0,20.0,49.0,123.0,0.0,70.0,20.0
39,2024,12,20.0,24.0,58.0,1.0,5.0,19.0,2.0,4.0,0.0,1.0,43.0,0.0,3.0,0.0,2.0,42.0,5.0,0.0,130.0,3.0,0.0,0.0,5.0,2.0,13.0,11.0,29.0,133.0,0.0,66.0,18.0
39,2025,1,21.0,30.0,43.0,3.0,4.0,18.0,0.0,2.0,0.0,0.0,42.0,0.0,1.0,0.0,0.0,54.0,8.0,0.0,126.0,2.0,1.0,0.0,1.0,4.0,11.0,12.0,26.0,120.0,0.0,53.0,14.0
39,2025,2,11.0,20.0,47.0,1.0,3.0,13.0,0.0,2.0,1.0,0.0,21.0,0.0,3.0,0.0,0.0,40.0,4.0,0.0,92.0,1.0,0.0,0.0,2.0,5.0,5.0,8.0,40.0,115.0,0.0,59.0,16.0
39,2025,3,10.0,20.0,49.0,1.0,1.0,10.0,2.0,4.0,0.0,0.0,27.0,0.0,0.0,0.0,1.0,43.0,2.0,1.0,105.0,4.0,0.0,0.0,4.0,1.0,6.0,8.0,38.0,98.0,0.0,57.0,17.0
39,2025,4,16.0,26.0,63.0,4.0,7.0,17.0,1.0,4.0,1.0,0.0,43.0,0.0,1.0,0.0,0.0,43.0,3.0,1.0,142.0,4.0,0.0,0.0,4.0,4.0,6.0,12.0,32.0,142.0,0.0,71.0,23.0
39,2025,5,26.0,35.0,53.0,3.0,4.0,20.0,1.0,4.0,1.0,2.0,21.0,0.0,0.0,0.0,0.0,60.0,5.0,1.0,145.0,3.0,0.0,0.0,3.0,7.0,7.0,15.0,50.0,121.0,0.0,70.0,21.0
39,2025,6,20.0,44.0,83.0,2.0,4.0,17.0,3.0,4.0,2.0,0.0,85.0,0.0,0.0,0.0,0.0,48.0,1.0,0.0,123.0,3.0,0.0,0.0,2.0,7.0,3.0,13.0,50.0,107.0,0.0,64.0,28.0
39,2025,7,13.0,28.0,52.0,4.0,5.0,26.0,1.0,1.0,0.0,1.0,54.0,0.0,4.0,0.0,0.0,92.0,3.0,1.0,103.0,2.0,0.0,1.0,7.0,10.0,8.0,18.0,57.0,118.0,0.0,80.0,25.0
39,2025,8,13.0,43.0,52.0,2.0,5.0,19.0,4.0,2.0,0.0,0.0,36.0,0.0,0.0,0.0,1.0,64.0,3.0,1.0,95.0,2.0,0.0,0.0,4.0,7.0,1.0,9.0,34.0,86.0,0.0,62.0,19.0
39,2025,9,16.0,36.0,51.0,3.0,6.0,19.0,2.0,2.0,0.0,1.0,43.0,0.0,2.0,0.0,0.0,55.0,1.0,0.0,143.0,4.0,0.0,0.0,2.0,6.0,7.0,8.0,43.0,92.0,0.0,69.0,26.0
39,2025,10,17.0,34.0,45.0,2.0,2.0,10.0,1.0,4.0,1.0,0.0,27.0,0.0,0.0,0.0,0.0,42.0,3.0,1.0,147.0,4.0,0.0,0.0,0.0,13.0,11.0,10.0,34.0,80.0,0.0,63.0,23.0
39,2025,11,6.0,30.0,60.0,0.0,3.0,28.0,1.0,3.0,1.0,0.0,29.0,0.0,0.0,0.0,0.0,54.0,7.0,0.0,117.0,3.0,0.0,0.0,3.0,8.0,11.0,12.0,54.0,100.0,0.0,57.0,9.0
39,2025,12,8.0,19.0,38.0,3.0,6.0,15.0,0.0,8.0,0.0,0.0,31.0,0.0,3.0,0.0,0.0,39.0,1.0,0.0,143.0,5.0,0.0,0.0,5.0,7.0,5.0,10.0,14.0,100.0,0.0,48.0,16.0
39,2026,1,6.0,26.0,61.0,1.0,4.0,15.0,0.0,6.0,0.0,0.0,36.0,0.0,1.0,0.0,0.0,51.0,1.0,0.0,128.0,3.0,0.0,0.0,3.0,5.0,15.0,22.0,42.0,115.0,0.0,55.0,28.0
39,2026,2,10.0,20.0,47.0,3.0,1.0,13.0,0.0,0.0,0.0,0.0,33.0,0.0,0.0,0.0,0.0,40.0,3.0,1.0,106.0,2.0,0.0,0.0,6.0,3.0,3.0,4.0,16.0,82.0,0.0,46.0,17.0
39,2026,3,11.0,22.0,59.0,5.0,2.0,17.0,0.0,5.0,2.0,1.0,32.0,0.0,0.0,0.0,0.0,47.0,2.0,0.0,113.0,3.0,0.0,0.0,3.0,7.0,10.0,10.0,20.0,92.0,0.0,63.0,24.0
39,2026,4,15.0,35.0,58.0,3.0,2.0,19.0,2.0,5.0,2.0,0.0,29.0,0.0,0.0,0.0,0.0,75.0,3.0,0.0,130.0,1.0,0.0,0.0,3.0,5.0,12.0,5.0,28.0,97.0,0.0,71.0,20.0
77,2024,1,0.0,2.0,0.0,0.0,1.0,0.0,3.0,0.0,1.0,0.0,17.0,0.0,0.0,0.0,0.0,0.0,1.0,0.0,5.0,0.0,0.0,0.0,0.0,0.0,0.0,1.0,3.0,45.0,0.0,6.0,2.0
77,2024,2,1.0,0.0,2.0,0.0,0.0,0.0,2.0,0.0,0.0,0.0,8.0,0.0,0.0,0.0,0.0,3.0,2.0,0.0,8.0,0.0,0.0,0.0,0.0,1.0,0.0,1.0,2.0,45.0,0.0,2.0,1.0
77,2024,3,0.0,1.0,24.0,0.0,0.0,0.0,1.0,0.0,0.0,0.0,16.0,0.0,0.0,0.0,0.0,2.0,4.0,0.0,7.0,0.0,0.0,1.0,0.0,0.0,1.0,0.0,4.0,45.0,4.0,1.0,0.0
77,2024,4,0.0,0.0,15.0,0.0,1.0,0.0,3.0,0.0,0.0,0.0,7.0,0.0,0.0,0.0,0.0,0.0,3.0,0.0,8.0,1.0,0.0,0.0,0.0,0.0,0.0,0.0,0.0,47.0,9.0,1.0,0.0
77,2024,5,1.0,0.0,12.0,0.0,0.0,0.0,1.0,1.0,0.0,0.0,4.0,0.0,0.0,0.0,0.0,2.0,2.0,0.0,7.0,0.0,0.0,0.0,0.0,0.0,0.0,0.0,2.0,50.0,1.0,7.0,2.0
77,2024,6,0.0,1.0,5.0,0.0,0.0,0.0,3.0,0.0,7.0,0.0,4.0,0.0,0.0,0.0,0.0,14.0,2.0,0.0,8.0,0.0,0.0,0.0,0.0,0.0,0.0,0.0,6.0,73.0,1.0,5.0,0.0
77,2024,7,0.0,0.0,1.0,0.0,0.0,0.0,4.0,1.0,0.0,0.0,15.0,0.0,0.0,0.0,0.0,2.0,0.0,0.0,11.0,1.0,0.0,0.0,0.0,1.0,0.0,0.0,12.0,63.0,0.0,0.0,2.0
77,2024,8,0.0,0.0,2.0,0.0,0.0,0.0,0.0,0.0,0.0,0.0,23.0,0.0,0.0,0.0,0.0,1.0,2.0,0.0,11.0,1.0,0.0,0.0,0.0,0.0,0.0,0.0,1.0,56.0,0.0,3.0,0.0
77,2024,9,0.0,0.0,3.0,0.0,0.0,0.0,3.0,0.0,0.0,0.0,28.0,0.0,0.0,0.0,0.0,4.0,3.0,0.0,4.0,1.0,0.0,0.0,0.0,1.0,0.0,0.0,2.0,47.0,0.0,3.0,0.0
77,2024,10,0.0,1.0,1.0,0.0,0.0,0.0,1.0,0.0,0.0,0.0,33.0,0.0,0.0,0.0,0.0,6.0,2.0,0.0,8.0,0.0,0.0,0.0,0.0,0.0,0.0,0.0,3.0,38.0,2.0,1.0,2.0
77,2024,11,0.0,1.0,6.0,0.0,0.0,0.0,2.0,1.0,0.0,0.0,9.0,0.0,0.0,0.0,0.0,6.0,2.0,0.0,6.0,0.0,0.0,0.0,0.0,0.0,0.0,0.0,0.0,32.0,0.0,2.0,0.0
77,2024,12,0.0,1.0,2.0,0.0,1.0,0.0,2.0,0.0,1.0,0.0,11.0,0.0,0.0,0.0,0.0,3.0,1.0,0.0,8.0,1.0,0.0,0.0,0.0,0.0,0.0,0.0,1.0,30.0,0.0,1.0,2.0
77,2025,1,0.0,2.0,3.0,0.0,0.0,0.0,2.0,0.0,0.0,0.0,11.0,0.0,0.0,0.0,0.0,4.0,0.0,0.0,8.0,0.0,0.0,0.0,0.0,0.0,0.0,0.0,2.0,36.0,0.0,0.0,0.0
77,2025,2,0.0,0.0,6.0,0.0,0.0,0.0,2.0,0.0,0.0,0.0,12.0,0.0,0.0,0.0,0.0,3.0,1.0,0.0,5.0,0.0,0.0,0.0,0.0,0.0,0.0,0.0,0.0,33.0,0.0,4.0,0.0
77,2025,3,0.0,1.0,1.0,0.0,0.0,0.0,3.0,0.0,0.0,0.0,7.0,0.0,0.0,0.0,0.0,4.0,0.0,0.0,1.0,0.0,0.0,0.0,0.0,0.0,0.0,0.0,3.0,25.0,0.0,4.0,2.0
77,2025,4,0.0,0.0,1.0,0.0,0.0,0.0,2.0,0.0,1.0,0.0,9.0,0.0,0.0,0.0,0.0,1.0,3.0,0.0,0.0,0.0,0.0,0.0,0.0,1.0,0.0,0.0,3.0,37.0,0.0,7.0,1.0
77,2025,5,0.0,0.0,1.0,0.0,0.0,0.0,2.0,0.0,1.0,0.0,9.0,0.0,0.0,0.0,0.0,3.0,0.0,0.0,9.0,0.0,0.0,0.0,0.0,1.0,0.0,0.0,3.0,36.0,0.0,3.0,1.0
77,2025,6,0.0,1.0,2.0,0.0,0.0,0.0,1.0,1.0,0.0,0.0,8.0,0.0,0.0,0.0,0.0,4.0,1.0,0.0,6.0,0.0,0.0,0.0,0.0,0.0,0.0,0.0,3.0,45.0,0.0,7.0,1.0
77,2025,7,0.0,0.0,2.0,0.0,0.0,0.0,5.0,2.0,2.0,0.0,8.0,0.0,0.0,0.0,0.0,9.0,0.0,0.0,4.0,1.0,0.0,0.0,0.0,0.0,0.0,1.0,2.0,51.0,0.0,5.0,0.0
77,2025,8,0.0,0.0,2.0,0.0,0.0,0.0,3.0,0.0,0.0,0.0,6.0,0.0,0.0,0.0,0.0,0.0,1.0,0.0,2.0,1.0,0.0,0.0,0.0,1.0,0.0,0.0,3.0,43.0,0.0,4.0,0.0
77,2025,9,0.0,0.0,1.0,0.0,0.0,0.0,2.0,0.0,1.0,0.0,1.0,0.0,0.0,0.0,0.0,1.0,0.0,0.0,3.0,0.0,0.0,0.0,1.0,0.0,0.0,0.0,0.0,36.0,0.0,1.0,1.0
77,2025,10,0.0,0.0,7.0,0.0,1.0,0.0,3.0,0.0,0.0,0.0,6.0,0.0,0.0,0.0,0.0,5.0,3.0,0.0,8.0,0.0,0.0,0.0,0.0,0.0,0.0,0.0,5.0,37.0,0.0,0.0,2.0
77,2025,11,0.0,0.0,5.0,0.0,0.0,0.0,2.0,0.0,0.0,0.0,6.0,0.0,0.0,0.0,0.0,1.0,1.0,0.0,4.0,0.0,0.0,0.0,0.0,0.0,0.0,0.0,1.0,35.0,0.0,1.0,0.0
77,2025,12,0.0,1.0,7.0,0.0,0.0,0.0,1.0,0.0,0.0,0.0,6.0,0.0,0.0,0.0,0.0,2.0,0.0,0.0,6.0,0.0,0.0,0.0,0.0,0.0,0.0,0.0,1.0,51.0,0.0,0.0,2.0
77,2026,1,0.0,0.0,1.0,0.0,0.0,0.0,0.0,0.0,0.0,0.0,10.0,0.0,0.0,0.0,0.0,2.0,0.0,0.0,6.0,0.0,0.0,0.0,0.0,0.0,0.0,0.0,1.0,34.0,1.0,1.0,1.0
77,2026,2,0.0,0.0,3.0,0.0,1.0,0.0,0.0,0.0,0.0,0.0,7.0,0.0,0.0,0.0,0.0,3.0,2.0,0.0,1.0,0.0,0.0,0.0,0.0,0.0,0.0,0.0,2.0,24.0,0.0,0.0,0.0
77,2026,3,0.0,0.0,1.0,0.0,1.0,0.0,2.0,0.0,1.0,0.0,7.0,0.0,0.0,0.0,0.0,8.0,1.0,0.0,6.0,0.0,0.0,0.0,0.0,0.0,0.0,0.0,6.0,44.0,0.0,8.0,1.0
77,2026,4,0.0,0.0,2.0,0.0,1.0,0.0,2.0,0.0,0.0,0.0,2.0,0.0,0.0,0.0,0.0,10.0,0.0,0.0,7.0,0.0,0.0,0.0,0.0,0.0,0.0,1.0,4.0,48.0,1.0,2.0,0.0
